"Date","Cost"
"2004.04.12","1141.80"
"2004.04.13","1141.10"
"2004.04.14","1151.30"
"2004.04.16","1160.10"
"2004.04.19","1153.60"
"2004.04.20","1151.40"
"2004.04.21","1154.80"
"2004.04.22","1159.70"
"2004.04.23","1158.30"
"2004.04.26","1155.00"
"2004.04.27","1152.00"
"2004.04.28","1156.40"
"2004.04.29","1170.70"
"2004.04.30","1173.30"
"2004.05.03","1171.80"
"2004.05.04","1169.80"
"2004.05.06","1166.10"
"2004.05.07","1171.10"
"2004.05.10","1183.10"
"2004.05.11","1188.30"
"2004.05.12","1181.50"
"2004.05.13","1185.50"
"2004.05.14","1187.00"
"2004.05.17","1183.50"
"2004.05.18","1182.00"
"2004.05.19","1173.40"
"2004.05.20","1179.80"
"2004.05.21","1175.30"
"2004.05.24","1177.20"
"2004.05.25","1177.70"
"2004.05.27","1169.80"
"2004.05.28","1165.00"
"2004.05.31","1160.10"
"2004.06.01","1160.60"
"2004.06.02","1164.80"
"2004.06.03","1164.40"
"2004.06.04","1163.80"
"2004.06.07","1159.20"
"2004.06.08","1157.90"
"2004.06.09","1154.20"
"2004.06.10","1159.40"
"2004.06.11","1164.00"
"2004.06.14","1162.40"
"2004.06.15","1163.40"
"2004.06.16","1157.10"
"2004.06.17","1157.30"
"2004.06.18","1160.00"
"2004.06.21","1156.70"
"2004.06.22","1158.40"
"2004.06.23","1159.90"
"2004.06.24","1155.70"
"2004.06.25","1149.80"
"2004.06.28","1152.50"
"2004.06.29","1151.90"
"2004.06.30","1155.50"
"2004.07.01","1152.70"
"2004.07.02","1155.10"
"2004.07.05","1152.70"
"2004.07.06","1154.90"
"2004.07.07","1152.00"
"2004.07.08","1150.00"
"2004.07.09","1149.30"
"2004.07.12","1147.60"
"2004.07.13","1149.80"
"2004.07.14","1153.00"
"2004.07.15","1160.90"
"2004.07.16","1164.50"
"2004.07.19","1157.50"
"2004.07.20","1160.70"
"2004.07.21","1159.00"
"2004.07.22","1162.40"
"2004.07.23","1166.20"
"2004.07.26","1161.30"
"2004.07.27","1164.80"
"2004.07.28","1167.40"
"2004.07.29","1168.30"
"2004.07.30","1170.00"
"2004.08.02","1164.80"
"2004.08.03","1165.00"
"2004.08.04","1167.60"
"2004.08.05","1163.40"
"2004.08.06","1162.60"
"2004.08.09","1156.30"
"2004.08.10","1155.00"
"2004.08.11","1159.70"
"2004.08.12","1157.80"
"2004.08.13","1162.30"
"2004.08.16","1159.10"
"2004.08.17","1157.60"
"2004.08.18","1157.80"
"2004.08.19","1155.10"
"2004.08.20","1154.30"
"2004.08.23","1153.20"
"2004.08.24","1156.00"
"2004.08.25","1156.40"
"2004.08.26","1153.70"
"2004.08.27","1153.00"
"2004.08.30","1154.50"
"2004.08.31","1153.00"
"2004.09.01","1151.70"
"2004.09.02","1150.50"
"2004.09.03","1150.00"
"2004.09.06","1152.80"
"2004.09.07","1150.80"
"2004.09.08","1149.60"
"2004.09.09","1145.10"
"2004.09.10","1145.80"
"2004.09.13","1145.00"
"2004.09.14","1145.10"
"2004.09.15","1144.10"
"2004.09.16","1145.80"
"2004.09.17","1146.50"
"2004.09.20","1146.20"
"2004.09.21","1146.90"
"2004.09.22","1144.20"
"2004.09.23","1146.30"
"2004.09.24","1149.30"
"2004.09.30","1151.80"
"2004.10.01","1148.60"
"2004.10.04","1149.60"
"2004.10.05","1148.60"
"2004.10.06","1152.50"
"2004.10.07","1150.10"
"2004.10.08","1147.90"
"2004.10.11","1146.00"
"2004.10.12","1146.00"
"2004.10.13","1147.10"
"2004.10.14","1144.50"
"2004.10.15","1145.40"
"2004.10.18","1143.60"
"2004.10.19","1145.00"
"2004.10.20","1142.80"
"2004.10.21","1141.10"
"2004.10.22","1140.50"
"2004.10.25","1136.20"
"2004.10.26","1133.50"
"2004.10.27","1128.90"
"2004.10.28","1125.00"
"2004.10.29","1119.60"
"2004.11.01","1119.00"
"2004.11.02","1114.80"
"2004.11.03","1116.20"
"2004.11.04","1113.50"
"2004.11.05","1110.50"
"2004.11.08","1105.20"
"2004.11.09","1103.50"
"2004.11.10","1110.40"
"2004.11.11","1112.10"
"2004.11.12","1104.50"
"2004.11.15","1092.00"
"2004.11.16","1090.30"
"2004.11.17","1081.40"
"2004.11.18","1065.40"
"2004.11.19","1068.70"
"2004.11.22","1065.30"
"2004.11.23","1065.80"
"2004.11.24","1066.60"
"2004.11.25","1057.20"
"2004.11.26","1047.00"
"2004.11.29","1047.00"
"2004.11.30","1048.00"
"2004.12.01","1046.00"
"2004.12.02","1041.50"
"2004.12.03","1045.30"
"2004.12.06","1040.80"
"2004.12.07","1041.80"
"2004.12.08","1058.50"
"2004.12.09","1055.30"
"2004.12.10","1067.50"
"2004.12.13","1061.80"
"2004.12.14","1058.00"
"2004.12.15","1061.00"
"2004.12.16","1056.30"
"2004.12.17","1060.00"
"2004.12.20","1058.20"
"2004.12.21","1055.50"
"2004.12.22","1053.50"
"2004.12.23","1050.50"
"2004.12.24","1047.50"
"2004.12.27","1046.40"
"2004.12.28","1042.40"
"2004.12.29","1041.00"
"2004.12.30","1041.80"
"2004.12.31","1035.00"
"2005.01.03","1038.10"
"2005.01.04","1038.70"
"2005.01.05","1046.30"
"2005.01.06","1058.50"
"2005.01.07","1051.00"
"2005.01.10","1053.60"
"2005.01.11","1045.00"
"2005.01.12","1042.10"
"2005.01.13","1036.60"
"2005.01.14","1042.80"
"2005.01.17","1035.70"
"2005.01.18","1035.70"
"2005.01.19","1030.90"
"2005.01.20","1033.10"
"2005.01.21","1038.00"
"2005.01.24","1032.20"
"2005.01.25","1031.30"
"2005.01.26","1031.60"
"2005.01.27","1028.50"
"2005.01.28","1024.10"
"2005.01.31","1025.50"
"2005.02.01","1027.80"
"2005.02.02","1027.80"
"2005.02.03","1025.10"
"2005.02.04","1026.70"
"2005.02.07","1026.20"
"2005.02.11","1033.20"
"2005.02.14","1025.10"
"2005.02.15","1026.50"
"2005.02.16","1026.20"
"2005.02.17","1025.60"
"2005.02.18","1024.10"
"2005.02.21","1023.20"
"2005.02.22","1006.50"
"2005.02.23","1003.80"
"2005.02.24","1006.50"
"2005.02.25","1008.50"
"2005.02.28","1006.00"
"2005.03.02","1007.30"
"2005.03.03","1006.30"
"2005.03.04","1008.20"
"2005.03.07","1004.60"
"2005.03.08","1004.30"
"2005.03.09","1001.20"
"2005.03.10","1000.00"
"2005.03.11","1000.30"
"2005.03.14","1000.80"
"2005.03.15","1003.80"
"2005.03.16","1003.80"
"2005.03.17","1001.00"
"2005.03.18","1004.90"
"2005.03.21","1009.00"
"2005.03.22","1009.40"
"2005.03.23","1008.40"
"2005.03.24","1013.30"
"2005.03.25","1014.40"
"2005.03.28","1016.80"
"2005.03.29","1019.10"
"2005.03.30","1023.60"
"2005.03.31","1015.50"
"2005.04.01","1008.00"
"2005.04.04","1013.30"
"2005.04.06","1013.30"
"2005.04.07","1012.50"
"2005.04.08","1015.10"
"2005.04.11","1015.00"
"2005.04.12","1013.20"
"2005.04.13","1011.50"
"2005.04.14","1016.30"
"2005.04.15","1022.50"
"2005.04.18","1019.70"
"2005.04.19","1013.90"
"2005.04.20","1008.90"
"2005.04.21","1006.20"
"2005.04.22","1004.00"
"2005.04.25","998.90"
"2005.04.26","998.90"
"2005.04.27","1002.80"
"2005.04.28","1002.60"
"2005.04.29","997.10"
"2005.05.02","1001.00"
"2005.05.03","1002.30"
"2005.05.04","999.80"
"2005.05.06","998.00"
"2005.05.09","1000.80"
"2005.05.10","999.10"
"2005.05.11","1000.20"
"2005.05.12","999.70"
"2005.05.13","1001.40"
"2005.05.16","1009.00"
"2005.05.17","1004.50"
"2005.05.18","1005.20"
"2005.05.19","1005.00"
"2005.05.20","1004.40"
"2005.05.23","1004.40"
"2005.05.24","1000.80"
"2005.05.25","1000.60"
"2005.05.26","1001.70"
"2005.05.27","1002.50"
"2005.05.30","1002.50"
"2005.05.31","1007.90"
"2005.06.01","1010.70"
"2005.06.02","1012.80"
"2005.06.03","1007.80"
"2005.06.07","1006.20"
"2005.06.08","1005.70"
"2005.06.09","1004.20"
"2005.06.10","1006.20"
"2005.06.13","1012.20"
"2005.06.14","1013.50"
"2005.06.15","1012.20"
"2005.06.16","1014.20"
"2005.06.17","1009.30"
"2005.06.20","1008.20"
"2005.06.21","1013.40"
"2005.06.22","1010.30"
"2005.06.23","1009.30"
"2005.06.24","1012.50"
"2005.06.27","1012.30"
"2005.06.28","1021.00"
"2005.06.29","1026.10"
"2005.06.30","1025.40"
"2005.07.01","1031.40"
"2005.07.04","1043.40"
"2005.07.05","1053.00"
"2005.07.06","1047.80"
"2005.07.07","1052.50"
"2005.07.08","1054.80"
"2005.07.11","1043.70"
"2005.07.12","1039.50"
"2005.07.13","1036.90"
"2005.07.14","1031.80"
"2005.07.15","1042.10"
"2005.07.18","1034.80"
"2005.07.19","1039.90"
"2005.07.20","1042.30"
"2005.07.21","1035.50"
"2005.07.22","1021.20"
"2005.07.25","1022.70"
"2005.07.26","1026.90"
"2005.07.27","1031.00"
"2005.07.28","1027.90"
"2005.07.29","1026.80"
"2005.08.01","1024.40"
"2005.08.02","1020.40"
"2005.08.03","1017.30"
"2005.08.04","1011.60"
"2005.08.05","1013.90"
"2005.08.08","1016.00"
"2005.08.09","1012.90"
"2005.08.10","1014.70"
"2005.08.11","1014.80"
"2005.08.12","1013.80"
"2005.08.16","1016.30"
"2005.08.17","1018.00"
"2005.08.18","1018.50"
"2005.08.19","1025.50"
"2005.08.22","1022.60"
"2005.08.23","1027.20"
"2005.08.24","1027.80"
"2005.08.25","1024.00"
"2005.08.26","1028.70"
"2005.08.29","1031.20"
"2005.08.30","1034.20"
"2005.08.31","1038.40"
"2005.09.01","1036.40"
"2005.09.02","1026.40"
"2005.09.05","1022.50"
"2005.09.06","1024.10"
"2005.09.07","1026.00"
"2005.09.08","1025.70"
"2005.09.09","1027.10"
"2005.09.12","1024.90"
"2005.09.13","1025.70"
"2005.09.14","1025.20"
"2005.09.15","1024.70"
"2005.09.16","1027.80"
"2005.09.20","1028.60"
"2005.09.21","1029.80"
"2005.09.22","1027.60"
"2005.09.23","1030.90"
"2005.09.26","1034.70"
"2005.09.27","1035.80"
"2005.09.28","1037.30"
"2005.09.29","1037.00"
"2005.09.30","1041.00"
"2005.10.04","1041.00"
"2005.10.05","1039.10"
"2005.10.06","1041.90"
"2005.10.07","1037.20"
"2005.10.10","1037.90"
"2005.10.11","1041.70"
"2005.10.12","1042.90"
"2005.10.13","1047.70"
"2005.10.14","1045.00"
"2005.10.17","1047.30"
"2005.10.18","1051.30"
"2005.10.19","1054.80"
"2005.10.20","1055.80"
"2005.10.21","1057.90"
"2005.10.24","1058.10"
"2005.10.25","1055.00"
"2005.10.26","1042.50"
"2005.10.27","1043.30"
"2005.10.28","1042.30"
"2005.10.31","1040.20"
"2005.11.01","1042.30"
"2005.11.02","1039.50"
"2005.11.03","1043.60"
"2005.11.04","1047.90"
"2005.11.07","1049.50"
"2005.11.08","1048.40"
"2005.11.09","1046.00"
"2005.11.10","1044.70"
"2005.11.11","1041.40"
"2005.11.14","1038.00"
"2005.11.15","1034.50"
"2005.11.16","1037.30"
"2005.11.17","1035.50"
"2005.11.18","1036.10"
"2005.11.21","1039.30"
"2005.11.22","1044.50"
"2005.11.23","1036.80"
"2005.11.24","1037.90"
"2005.11.25","1041.20"
"2005.11.28","1038.50"
"2005.11.29","1036.30"
"2005.11.30","1033.50"
"2005.12.01","1034.70"
"2005.12.02","1038.50"
"2005.12.05","1036.40"
"2005.12.06","1034.20"
"2005.12.07","1035.40"
"2005.12.08","1034.40"
"2005.12.09","1033.80"
"2005.12.12","1033.70"
"2005.12.13","1026.00"
"2005.12.14","1016.40"
"2005.12.15","1014.00"
"2005.12.16","1016.20"
"2005.12.19","1017.70"
"2005.12.20","1016.50"
"2005.12.21","1018.30"
"2005.12.22","1017.60"
"2005.12.23","1013.50"
"2005.12.26","1011.80"
"2005.12.27","1012.50"
"2005.12.28","1012.60"
"2005.12.29","1011.60"
"2005.12.30","1004.50"
"2006.01.02","1008.00"
"2006.01.03","1005.40"
"2006.01.04","998.40"
"2006.01.05","987.30"
"2006.01.06","988.10"
"2006.01.09","977.50"
"2006.01.10","982.10"
"2006.01.11","984.70"
"2006.01.12","974.00"
"2006.01.13","987.80"
"2006.01.16","982.50"
"2006.01.17","989.10"
"2006.01.18","992.10"
"2006.01.19","985.00"
"2006.01.20","986.80"
"2006.01.23","981.30"
"2006.01.24","975.50"
"2006.01.25","968.90"
"2006.01.26","969.00"
"2006.01.27","970.80"
"2006.01.31","964.60"
"2006.02.01","961.00"
"2006.02.02","972.00"
"2006.02.03","970.30"
"2006.02.06","962.60"
"2006.02.07","967.80"
"2006.02.08","970.80"
"2006.02.09","972.80"
"2006.02.10","967.80"
"2006.02.13","976.80"
"2006.02.14","969.90"
"2006.02.15","974.00"
"2006.02.16","974.60"
"2006.02.17","972.80"
"2006.02.20","967.20"
"2006.02.21","968.60"
"2006.02.22","974.50"
"2006.02.23","969.10"
"2006.02.24","966.40"
"2006.02.27","969.00"
"2006.02.28","970.90"
"2006.03.02","969.10"
"2006.03.03","971.30"
"2006.03.06","974.90"
"2006.03.07","976.60"
"2006.03.08","982.10"
"2006.03.09","982.20"
"2006.03.10","980.20"
"2006.03.13","980.40"
"2006.03.14","977.00"
"2006.03.15","974.80"
"2006.03.16","975.00"
"2006.03.17","971.20"
"2006.03.20","967.10"
"2006.03.21","968.40"
"2006.03.22","973.60"
"2006.03.23","975.60"
"2006.03.24","979.20"
"2006.03.27","975.70"
"2006.03.28","976.80"
"2006.03.29","975.50"
"2006.03.30","976.10"
"2006.03.31","971.60"
"2006.04.03","970.80"
"2006.04.04","963.20"
"2006.04.05","957.30"
"2006.04.06","953.70"
"2006.04.07","953.20"
"2006.04.10","953.60"
"2006.04.11","954.70"
"2006.04.12","960.40"
"2006.04.13","961.50"
"2006.04.14","958.40"
"2006.04.17","955.60"
"2006.04.18","953.80"
"2006.04.19","945.60"
"2006.04.20","948.50"
"2006.04.21","948.60"
"2006.04.24","939.80"
"2006.04.25","945.10"
"2006.04.26","946.50"
"2006.04.27","944.90"
"2006.04.28","943.40"
"2006.05.02","940.10"
"2006.05.03","934.30"
"2006.05.04","939.60"
"2006.05.08","928.00"
"2006.05.09","932.00"
"2006.05.10","929.60"
"2006.05.11","935.60"
"2006.05.12","932.70"
"2006.05.15","943.60"
"2006.05.16","944.90"
"2006.05.17","936.90"
"2006.05.18","947.00"
"2006.05.19","946.30"
"2006.05.22","952.30"
"2006.05.23","943.90"
"2006.05.24","949.70"
"2006.05.25","949.10"
"2006.05.26","945.60"
"2006.05.29","947.40"
"2006.05.30","945.60"
"2006.06.01","947.30"
"2006.06.02","948.00"
"2006.06.05","943.00"
"2006.06.07","948.20"
"2006.06.08","953.40"
"2006.06.09","954.40"
"2006.06.12","956.80"
"2006.06.13","961.80"
"2006.06.14","962.00"
"2006.06.15","959.50"
"2006.06.16","955.80"
"2006.06.19","961.30"
"2006.06.20","956.60"
"2006.06.21","955.80"
"2006.06.22","955.10"
"2006.06.23","956.10"
"2006.06.26","959.60"
"2006.06.27","958.80"
"2006.06.28","957.70"
"2006.06.29","960.50"
"2006.06.30","948.90"
"2006.07.03","944.90"
"2006.07.04","943.40"
"2006.07.05","946.70"
"2006.07.06","949.50"
"2006.07.07","947.90"
"2006.07.10","942.00"
"2006.07.11","946.80"
"2006.07.12","948.80"
"2006.07.13","949.20"
"2006.07.14","953.80"
"2006.07.18","958.60"
"2006.07.19","957.90"
"2006.07.20","951.90"
"2006.07.21","950.10"
"2006.07.24","951.70"
"2006.07.25","952.20"
"2006.07.26","954.60"
"2006.07.27","952.20"
"2006.07.28","953.90"
"2006.07.31","955.20"
"2006.08.01","956.00"
"2006.08.02","962.30"
"2006.08.03","965.70"
"2006.08.04","964.80"
"2006.08.07","962.60"
"2006.08.08","963.70"
"2006.08.09","959.50"
"2006.08.10","957.90"
"2006.08.11","961.70"
"2006.08.14","965.80"
"2006.08.16","965.20"
"2006.08.17","961.00"
"2006.08.18","958.60"
"2006.08.21","956.60"
"2006.08.22","956.30"
"2006.08.23","955.70"
"2006.08.24","959.20"
"2006.08.25","961.90"
"2006.08.28","964.00"
"2006.08.29","961.00"
"2006.08.30","961.40"
"2006.08.31","961.50"
"2006.09.01","960.50"
"2006.09.04","957.90"
"2006.09.05","956.60"
"2006.09.06","957.00"
"2006.09.07","956.40"
"2006.09.08","956.30"
"2006.09.11","957.50"
"2006.09.12","959.40"
"2006.09.13","959.00"
"2006.09.14","957.70"
"2006.09.15","956.30"
"2006.09.18","956.50"
"2006.09.19","952.20"
"2006.09.20","950.80"
"2006.09.21","944.30"
"2006.09.22","947.20"
"2006.09.25","944.00"
"2006.09.26","944.20"
"2006.09.27","943.70"
"2006.09.28","944.70"
"2006.09.29","946.20"
"2006.10.02","947.90"
"2006.10.04","949.10"
"2006.10.09","963.90"
"2006.10.10","959.50"
"2006.10.11","958.20"
"2006.10.12","957.80"
"2006.10.13","955.20"
"2006.10.16","955.50"
"2006.10.17","954.50"
"2006.10.18","955.40"
"2006.10.19","957.40"
"2006.10.20","957.40"
"2006.10.23","959.60"
"2006.10.24","958.60"
"2006.10.25","955.80"
"2006.10.26","949.80"
"2006.10.27","947.30"
"2006.10.30","944.60"
"2006.10.31","942.30"
"2006.11.01","939.50"
"2006.11.02","939.00"
"2006.11.03","937.00"
"2006.11.06","942.40"
"2006.11.07","938.70"
"2006.11.08","935.20"
"2006.11.09","936.60"
"2006.11.10","934.10"
"2006.11.13","935.10"
"2006.11.14","937.10"
"2006.11.15","941.50"
"2006.11.16","937.50"
"2006.11.17","938.80"
"2006.11.20","935.40"
"2006.11.21","935.50"
"2006.11.22","934.10"
"2006.11.23","930.50"
"2006.11.24","932.10"
"2006.11.27","930.60"
"2006.11.28","930.80"
"2006.11.29","930.50"
"2006.11.30","929.50"
"2006.12.01","928.60"
"2006.12.04","927.60"
"2006.12.05","924.30"
"2006.12.06","916.60"
"2006.12.07","913.90"
"2006.12.08","920.30"
"2006.12.11","926.10"
"2006.12.12","922.70"
"2006.12.13","922.60"
"2006.12.14","920.70"
"2006.12.15","923.20"
"2006.12.18","927.10"
"2006.12.19","931.50"
"2006.12.20","925.80"
"2006.12.21","927.30"
"2006.12.22","928.60"
"2006.12.26","929.90"
"2006.12.27","930.60"
"2006.12.28","928.60"
"2006.12.29","928.60"
"2007.01.02","926.00"
"2007.01.03","926.10"
"2007.01.04","931.30"
"2007.01.05","934.20"
"2007.01.08","938.20"
"2007.01.09","938.50"
"2007.01.10","937.80"
"2007.01.11","938.90"
"2007.01.12","940.00"
"2007.01.15","938.60"
"2007.01.16","935.60"
"2007.01.17","937.00"
"2007.01.18","936.80"
"2007.01.19","936.30"
"2007.01.22","940.10"
"2007.01.23","940.30"
"2007.01.24","936.00"
"2007.01.25","936.00"
"2007.01.26","940.50"
"2007.01.29","940.50"
"2007.01.30","942.50"
"2007.01.31","940.90"
"2007.02.01","937.10"
"2007.02.02","937.20"
"2007.02.05","935.80"
"2007.02.06","932.90"
"2007.02.07","933.70"
"2007.02.08","935.10"
"2007.02.09","934.60"
"2007.02.12","937.60"
"2007.02.13","939.50"
"2007.02.14","938.50"
"2007.02.15","934.80"
"2007.02.16","936.40"
"2007.02.20","938.50"
"2007.02.21","938.50"
"2007.02.22","938.90"
"2007.02.23","938.10"
"2007.02.26","938.70"
"2007.02.27","938.80"
"2007.02.28","941.80"
"2007.03.02","943.00"
"2007.03.05","951.40"
"2007.03.06","947.70"
"2007.03.07","948.70"
"2007.03.08","947.90"
"2007.03.09","945.90"
"2007.03.12","944.00"
"2007.03.13","944.60"
"2007.03.14","946.30"
"2007.03.15","944.50"
"2007.03.16","944.80"
"2007.03.19","943.70"
"2007.03.20","941.70"
"2007.03.21","938.00"
"2007.03.22","938.00"
"2007.03.23","937.90"
"2007.03.26","938.70"
"2007.03.27","940.90"
"2007.03.28","939.10"
"2007.03.29","940.50"
"2007.03.30","940.90"
"2007.04.02","937.30"
"2007.04.03","936.80"
"2007.04.04","936.30"
"2007.04.05","932.90"
"2007.04.06","931.90"
"2007.04.09","933.00"
"2007.04.10","933.90"
"2007.04.11","932.20"
"2007.04.12","931.80"
"2007.04.13","929.20"
"2007.04.16","931.80"
"2007.04.17","929.00"
"2007.04.18","928.20"
"2007.04.19","928.80"
"2007.04.20","927.50"
"2007.04.23","926.30"
"2007.04.24","927.50"
"2007.04.25","926.70"
"2007.04.26","929.00"
"2007.04.27","929.20"
"2007.04.30","930.80"
"2007.05.02","930.00"
"2007.05.03","926.90"
"2007.05.04","927.60"
"2007.05.07","922.40"
"2007.05.08","923.00"
"2007.05.09","923.50"
"2007.05.10","925.10"
"2007.05.11","926.80"
"2007.05.14","924.10"
"2007.05.15","924.20"
"2007.05.16","924.00"
"2007.05.17","928.10"
"2007.05.18","934.10"
"2007.05.21","930.20"
"2007.05.22","930.40"
"2007.05.23","931.40"
"2007.05.25","928.30"
"2007.05.28","928.80"
"2007.05.29","927.60"
"2007.05.30","931.00"
"2007.05.31","927.70"
"2007.06.01","928.40"
"2007.06.04","928.10"
"2007.06.05","927.00"
"2007.06.07","926.80"
"2007.06.08","931.00"
"2007.06.11","932.50"
"2007.06.12","929.50"
"2007.06.13","931.50"
"2007.06.14","929.90"
"2007.06.15","928.70"
"2007.06.18","928.30"
"2007.06.19","927.70"
"2007.06.20","927.80"
"2007.06.21","927.00"
"2007.06.22","928.50"
"2007.06.25","926.60"
"2007.06.26","926.30"
"2007.06.27","927.70"
"2007.06.28","926.90"
"2007.06.29","923.80"
"2007.07.02","921.70"
"2007.07.03","918.00"
"2007.07.04","919.90"
"2007.07.05","922.00"
"2007.07.06","919.60"
"2007.07.09","920.90"
"2007.07.10","920.00"
"2007.07.11","919.20"
"2007.07.12","918.30"
"2007.07.13","916.90"
"2007.07.16","918.20"
"2007.07.18","916.10"
"2007.07.19","916.00"
"2007.07.20","915.00"
"2007.07.23","915.20"
"2007.07.24","914.10"
"2007.07.25","914.00"
"2007.07.26","918.20"
"2007.07.27","921.70"
"2007.07.30","923.30"
"2007.07.31","919.30"
"2007.08.01","925.10"
"2007.08.02","922.80"
"2007.08.03","922.90"
"2007.08.06","923.40"
"2007.08.07","922.90"
"2007.08.08","924.20"
"2007.08.09","922.90"
"2007.08.10","931.90"
"2007.08.13","929.60"
"2007.08.14","932.50"
"2007.08.16","946.30"
"2007.08.17","950.40"
"2007.08.20","943.00"
"2007.08.21","943.50"
"2007.08.22","944.20"
"2007.08.23","941.60"
"2007.08.24","941.70"
"2007.08.27","938.60"
"2007.08.28","939.70"
"2007.08.29","942.10"
"2007.08.30","940.50"
"2007.08.31","938.30"
"2007.09.03","937.40"
"2007.09.04","939.20"
"2007.09.05","938.10"
"2007.09.06","939.20"
"2007.09.07","938.00"
"2007.09.10","939.10"
"2007.09.11","936.30"
"2007.09.12","932.50"
"2007.09.13","931.50"
"2007.09.14","928.30"
"2007.09.17","928.50"
"2007.09.18","930.70"
"2007.09.19","926.70"
"2007.09.20","923.10"
"2007.09.21","921.10"
"2007.09.27","920.30"
"2007.09.28","915.20"
"2007.10.01","913.70"
"2007.10.02","913.90"
"2007.10.04","916.50"
"2007.10.05","916.70"
"2007.10.08","914.60"
"2007.10.09","918.50"
"2007.10.10","916.30"
"2007.10.11","917.10"
"2007.10.12","918.30"
"2007.10.15","916.90"
"2007.10.16","917.50"
"2007.10.17","918.40"
"2007.10.18","917.80"
"2007.10.19","915.80"
"2007.10.22","917.00"
"2007.10.23","918.00"
"2007.10.24","917.90"
"2007.10.25","916.60"
"2007.10.26","909.90"
"2007.10.29","907.00"
"2007.10.30","907.00"
"2007.10.31","900.70"
"2007.11.01","903.60"
"2007.11.02","907.10"
"2007.11.05","908.00"
"2007.11.06","907.80"
"2007.11.07","906.10"
"2007.11.08","908.50"
"2007.11.09","906.80"
"2007.11.12","911.30"
"2007.11.13","918.70"
"2007.11.14","913.50"
"2007.11.15","915.50"
"2007.11.16","917.40"
"2007.11.19","919.00"
"2007.11.20","922.20"
"2007.11.21","928.90"
"2007.11.22","933.60"
"2007.11.23","930.60"
"2007.11.26","929.30"
"2007.11.27","929.30"
"2007.11.28","931.40"
"2007.11.29","928.70"
"2007.11.30","921.10"
"2007.12.03","925.00"
"2007.12.04","922.50"
"2007.12.05","923.30"
"2007.12.06","922.10"
"2007.12.07","919.20"
"2007.12.10","923.60"
"2007.12.11","924.00"
"2007.12.12","926.50"
"2007.12.13","925.00"
"2007.12.14","930.10"
"2007.12.17","933.60"
"2007.12.18","939.40"
"2007.12.20","943.70"
"2007.12.21","940.70"
"2007.12.24","939.60"
"2007.12.26","939.00"
"2007.12.27","940.00"
"2007.12.28","936.10"
"2007.12.31","932.00"
"2008.01.02","936.90"
"2008.01.03","936.60"
"2008.01.04","938.50"
"2008.01.07","940.50"
"2008.01.08","939.30"
"2008.01.09","937.40"
"2008.01.10","937.60"
"2008.01.11","937.60"
"2008.01.14","937.30"
"2008.01.15","935.70"
"2008.01.16","940.10"
"2008.01.17","945.60"
"2008.01.18","942.80"
"2008.01.21","948.50"
"2008.01.22","954.00"
"2008.01.23","952.80"
"2008.01.24","949.40"
"2008.01.25","946.50"
"2008.01.28","949.80"
"2008.01.29","944.30"
"2008.01.30","944.70"
"2008.01.31","943.90"
"2008.02.01","944.20"
"2008.02.04","942.80"
"2008.02.05","941.70"
"2008.02.11","945.30"
"2008.02.12","945.40"
"2008.02.13","945.90"
"2008.02.14","945.30"
"2008.02.15","945.10"
"2008.02.18","945.30"
"2008.02.19","943.90"
"2008.02.20","946.00"
"2008.02.21","948.40"
"2008.02.22","948.50"
"2008.02.25","947.20"
"2008.02.26","947.30"
"2008.02.27","941.00"
"2008.02.28","936.50"
"2008.02.29","939.00"
"2008.03.03","946.90"
"2008.03.04","947.20"
"2008.03.05","948.30"
"2008.03.06","949.60"
"2008.03.07","957.50"
"2008.03.10","965.30"
"2008.03.11","970.00"
"2008.03.12","971.30"
"2008.03.13","982.40"
"2008.03.14","997.30"
"2008.03.17","1029.20"
"2008.03.18","1014.00"
"2008.03.19","1009.10"
"2008.03.20","1010.00"
"2008.03.21","1003.10"
"2008.03.24","997.20"
"2008.03.25","976.50"
"2008.03.26","986.80"
"2008.03.27","987.80"
"2008.03.28","993.00"
"2008.03.31","990.40"
"2008.04.01","983.80"
"2008.04.02","974.70"
"2008.04.03","975.60"
"2008.04.04","973.80"
"2008.04.07","974.90"
"2008.04.08","976.10"
"2008.04.10","976.30"
"2008.04.11","975.70"
"2008.04.14","979.70"
"2008.04.15","986.90"
"2008.04.16","989.50"
"2008.04.17","994.20"
"2008.04.18","999.30"
"2008.04.21","991.50"
"2008.04.22","998.50"
"2008.04.23","992.50"
"2008.04.24","996.50"
"2008.04.25","996.00"
"2008.04.28","996.60"
"2008.04.29","1001.00"
"2008.04.30","1003.50"
"2008.05.02","1011.20"
"2008.05.06","1016.30"
"2008.05.07","1026.10"
"2008.05.08","1047.50"
"2008.05.09","1044.70"
"2008.05.13","1044.00"
"2008.05.14","1050.50"
"2008.05.15","1045.10"
"2008.05.16","1041.00"
"2008.05.19","1043.20"
"2008.05.20","1045.00"
"2008.05.21","1043.50"
"2008.05.22","1045.00"
"2008.05.23","1047.60"
"2008.05.26","1048.50"
"2008.05.27","1041.50"
"2008.05.28","1037.00"
"2008.05.29","1030.30"
"2008.05.30","1030.10"
"2008.06.02","1023.70"
"2008.06.03","1016.90"
"2008.06.04","1017.30"
"2008.06.05","1023.50"
"2008.06.09","1031.80"
"2008.06.10","1026.00"
"2008.06.11","1030.00"
"2008.06.12","1035.00"
"2008.06.13","1043.00"
"2008.06.16","1040.00"
"2008.06.17","1025.00"
"2008.06.18","1030.00"
"2008.06.19","1028.00"
"2008.06.20","1029.00"
"2008.06.23","1041.00"
"2008.06.24","1034.50"
"2008.06.25","1039.00"
"2008.06.26","1038.00"
"2008.06.27","1042.50"
"2008.06.30","1046.00"
"2008.07.01","1047.00"
"2008.07.02","1042.00"
"2008.07.03","1045.00"
"2008.07.04","1050.40"
"2008.07.07","1042.90"
"2008.07.08","1032.70"
"2008.07.09","1006.50"
"2008.07.10","1003.50"
"2008.07.11","1003.00"
"2008.07.14","1004.60"
"2008.07.15","1010.50"
"2008.07.16","1009.30"
"2008.07.17","1012.80"
"2008.07.18","1013.80"
"2008.07.21","1019.50"
"2008.07.22","1017.60"
"2008.07.23","1013.80"
"2008.07.24","1007.10"
"2008.07.25","1010.00"
"2008.07.28","1006.00"
"2008.07.29","1008.80"
"2008.07.30","1013.50"
"2008.07.31","1012.10"
"2008.08.01","1014.60"
"2008.08.04","1017.40"
"2008.08.05","1017.90"
"2008.08.06","1015.90"
"2008.08.07","1016.50"
"2008.08.08","1027.90"
"2008.08.11","1033.00"
"2008.08.12","1034.70"
"2008.08.13","1039.40"
"2008.08.14","1039.80"
"2008.08.18","1046.90"
"2008.08.19","1049.40"
"2008.08.20","1049.30"
"2008.08.21","1054.00"
"2008.08.22","1063.50"
"2008.08.25","1078.90"
"2008.08.26","1089.40"
"2008.08.27","1084.10"
"2008.08.28","1081.80"
"2008.08.29","1089.00"
"2008.09.01","1116.00"
"2008.09.02","1134.00"
"2008.09.03","1148.50"
"2008.09.04","1126.00"
"2008.09.05","1120.50"
"2008.09.08","1086.00"
"2008.09.09","1101.30"
"2008.09.10","1092.50"
"2008.09.11","1108.50"
"2008.09.12","1110.10"
"2008.09.16","1161.00"
"2008.09.17","1121.00"
"2008.09.18","1143.00"
"2008.09.19","1136.00"
"2008.09.22","1137.00"
"2008.09.23","1143.00"
"2008.09.24","1154.50"
"2008.09.25","1155.00"
"2008.09.26","1166.00"
"2008.09.29","1185.00"
"2008.09.30","1207.00"
"2008.10.01","1187.00"
"2008.10.02","1223.50"
"2008.10.06","1272.00"
"2008.10.07","1312.00"
"2008.10.08","1395.00"
"2008.10.09","1373.00"
"2008.10.10","1284.00"
"2008.10.13","1236.00"
"2008.10.14","1205.00"
"2008.10.15","1243.00"
"2008.10.16","1345.00"
"2008.10.17","1310.00"
"2008.10.20","1315.00"
"2008.10.21","1325.50"
"2008.10.22","1363.00"
"2008.10.23","1408.80"
"2008.10.24","1440.00"
"2008.10.27","1454.50"
"2008.10.28","1466.00"
"2008.10.29","1420.00"
"2008.10.30","1269.00"
"2008.10.31","1298.00"
"2008.11.03","1263.00"
"2008.11.04","1280.00"
"2008.11.05","1266.00"
"2008.11.06","1327.00"
"2008.11.07","1323.00"
"2008.11.10","1333.00"
"2008.11.11","1346.00"
"2008.11.12","1353.00"
"2008.11.13","1390.00"
"2008.11.14","1397.50"
"2008.11.17","1404.00"
"2008.11.18","1437.00"
"2008.11.19","1446.50"
"2008.11.20","1500.00"
"2008.11.21","1505.00"
"2008.11.24","1515.00"
"2008.11.25","1502.30"
"2008.11.26","1478.10"
"2008.11.27","1478.00"
"2008.11.28","1463.00"
"2008.12.01","1450.00"
"2008.12.02","1466.00"
"2008.12.03","1470.00"
"2008.12.04","1477.00"
"2008.12.05","1475.50"
"2008.12.08","1452.00"
"2008.12.09","1448.00"
"2008.12.10","1393.80"
"2008.12.11","1358.50"
"2008.12.12","1376.00"
"2008.12.15","1371.00"
"2008.12.16","1362.00"
"2008.12.17","1314.00"
"2008.12.18","1292.00"
"2008.12.19","1290.00"
"2008.12.22","1315.00"
"2008.12.23","1354.00"
"2008.12.24","1313.00"
"2008.12.26","1303.00"
"2008.12.29","1285.00"
"2008.12.30","1325.00"
"2008.12.31","1310.00"
"2009.01.02","1328.00"
"2009.01.05","1318.00"
"2009.01.06","1308.00"
"2009.01.07","1295.00"
"2009.01.08","1332.00"
"2009.01.09","1335.00"
"2009.01.12","1354.50"
"2009.01.13","1353.00"
"2009.01.14","1344.00"
"2009.01.15","1382.00"
"2009.01.16","1360.00"
"2009.01.19","1370.00"
"2009.01.20","1375.50"
"2009.01.21","1375.00"
"2009.01.22","1375.00"
"2009.01.23","1391.50"
"2009.01.28","1377.00"
"2009.01.29","1375.00"
"2009.01.30","1379.50"
"2009.02.02","1391.00"
"2009.02.03","1391.00"
"2009.02.04","1383.00"
"2009.02.05","1383.00"
"2009.02.06","1377.00"
"2009.02.09","1383.00"
"2009.02.10","1384.50"
"2009.02.11","1395.00"
"2009.02.12","1401.00"
"2009.02.13","1404.20"
"2009.02.16","1428.00"
"2009.02.17","1460.00"
"2009.02.18","1463.00"
"2009.02.19","1487.00"
"2009.02.20","1507.00"
"2009.02.23","1487.00"
"2009.02.24","1514.00"
"2009.02.25","1515.00"
"2009.02.26","1515.00"
"2009.02.27","1533.00"
"2009.03.02","1575.00"
"2009.03.03","1552.40"
"2009.03.04","1551.00"
"2009.03.05","1564.00"
"2009.03.06","1550.00"
"2009.03.09","1548.50"
"2009.03.10","1516.00"
"2009.03.11","1480.00"
"2009.03.12","1498.00"
"2009.03.13","1485.00"
"2009.03.16","1432.00"
"2009.03.17","1408.50"
"2009.03.18","1421.50"
"2009.03.19","1396.00"
"2009.03.20","1405.00"
"2009.03.23","1391.00"
"2009.03.24","1380.00"
"2009.03.25","1365.00"
"2009.03.26","1338.00"
"2009.03.27","1349.00"
"2009.03.30","1395.00"
"2009.03.31","1368.00"
"2009.04.01","1382.00"
"2009.04.02","1334.50"
"2009.04.03","1341.00"
"2009.04.06","1313.50"
"2009.04.07","1322.50"
"2009.04.08","1352.00"
"2009.04.09","1325.00"
"2009.04.10","1334.00"
"2009.04.13","1325.00"
"2009.04.14","1323.50"
"2009.04.15","1332.00"
"2009.04.16","1334.00"
"2009.04.17","1332.00"
"2009.04.20","1337.00"
"2009.04.21","1349.50"
"2009.04.22","1354.00"
"2009.04.23","1346.00"
"2009.04.24","1342.00"
"2009.04.27","1346.00"
"2009.04.28","1356.80"
"2009.04.29","1335.00"
"2009.04.30","1290.00"
"2009.05.04","1274.30"
"2009.05.06","1272.00"
"2009.05.07","1263.00"
"2009.05.08","1246.00"
"2009.05.11","1247.00"
"2009.05.12","1238.00"
"2009.05.13","1243.00"
"2009.05.14","1267.20"
"2009.05.15","1263.00"
"2009.05.18","1258.00"
"2009.05.19","1242.00"
"2009.05.20","1245.00"
"2009.05.21","1245.00"
"2009.05.22","1246.50"
"2009.05.25","1253.00"
"2009.05.26","1267.00"
"2009.05.27","1270.00"
"2009.05.28","1256.90"
"2009.05.29","1253.00"
"2009.06.01","1233.50"
"2009.06.02","1241.00"
"2009.06.03","1234.50"
"2009.06.04","1245.00"
"2009.06.05","1245.00"
"2009.06.08","1257.00"
"2009.06.09","1263.00"
"2009.06.10","1245.50"
"2009.06.11","1254.00"
"2009.06.12","1254.00"
"2009.06.15","1266.00"
"2009.06.16","1256.50"
"2009.06.17","1260.00"
"2009.06.18","1265.00"
"2009.06.19","1267.00"
"2009.06.22","1276.50"
"2009.06.23","1286.00"
"2009.06.24","1284.00"
"2009.06.25","1289.50"
"2009.06.26","1284.30"
"2009.06.29","1284.50"
"2009.06.30","1272.00"
"2009.07.01","1264.00"
"2009.07.02","1269.50"
"2009.07.03","1269.00"
"2009.07.06","1272.50"
"2009.07.07","1273.50"
"2009.07.08","1279.30"
"2009.07.09","1278.40"
"2009.07.10","1285.00"
"2009.07.13","1307.50"
"2009.07.14","1294.00"
"2009.07.15","1278.00"
"2009.07.16","1268.00"
"2009.07.17","1260.00"
"2009.07.20","1247.00"
"2009.07.21","1250.00"
"2009.07.22","1250.00"
"2009.07.23","1248.50"
"2009.07.24","1248.50"
"2009.07.27","1243.00"
"2009.07.28","1234.50"
"2009.07.29","1243.00"
"2009.07.30","1236.00"
"2009.07.31","1229.50"
"2009.08.03","1221.50"
"2009.08.04","1221.50"
"2009.08.05","1225.00"
"2009.08.06","1224.00"
"2009.08.07","1229.00"
"2009.08.10","1227.50"
"2009.08.11","1237.00"
"2009.08.12","1250.00"
"2009.08.13","1236.00"
"2009.08.14","1239.00"
"2009.08.17","1257.50"
"2009.08.18","1248.50"
"2009.08.19","1257.50"
"2009.08.20","1246.50"
"2009.08.21","1249.00"
"2009.08.24","1242.50"
"2009.08.25","1247.00"
"2009.08.26","1246.50"
"2009.08.27","1248.00"
"2009.08.28","1245.50"
"2009.08.31","1249.50"
"2009.09.01","1242.50"
"2009.09.02","1250.50"
"2009.09.03","1245.50"
"2009.09.04","1241.50"
"2009.09.07","1234.50"
"2009.09.08","1229.50"
"2009.09.09","1228.00"
"2009.09.10","1223.00"
"2009.09.11","1222.00"
"2009.09.14","1226.00"
"2009.09.15","1216.50"
"2009.09.16","1207.50"
"2009.09.17","1206.00"
"2009.09.18","1209.30"
"2009.09.21","1206.50"
"2009.09.22","1201.50"
"2009.09.23","1196.50"
"2009.09.24","1191.00"
"2009.09.25","1185.50"
"2009.09.28","1195.00"
"2009.09.29","1188.50"
"2009.09.30","1178.00"
"2009.10.01","1174.50"
"2009.10.05","1172.50"
"2009.10.06","1170.50"
"2009.10.07","1170.50"
"2009.10.08","1166.50"
"2009.10.09","1164.00"
"2009.10.12","1171.00"
"2009.10.13","1169.00"
"2009.10.14","1164.00"
"2009.10.15","1156.50"
"2009.10.16","1163.50"
"2009.10.19","1169.00"
"2009.10.20","1167.00"
"2009.10.21","1177.00"
"2009.10.22","1193.00"
"2009.10.23","1182.00"
"2009.10.26","1176.50"
"2009.10.27","1185.00"
"2009.10.28","1194.00"
"2009.10.29","1193.00"
"2009.10.30","1184.00"
"2009.11.02","1184.00"
"2009.11.03","1183.00"
"2009.11.04","1181.50"
"2009.11.05","1182.00"
"2009.11.06","1168.00"
"2009.11.09","1159.50"
"2009.11.10","1160.00"
"2009.11.11","1157.00"
"2009.11.12","1158.50"
"2009.11.13","1160.00"
"2009.11.16","1154.00"
"2009.11.17","1154.00"
"2009.11.18","1153.50"
"2009.11.19","1158.00"
"2009.11.20","1160.00"
"2009.11.23","1154.50"
"2009.11.24","1158.50"
"2009.11.25","1153.00"
"2009.11.26","1155.50"
"2009.11.27","1182.00"
"2009.11.30","1161.00"
"2009.12.01","1161.00"
"2009.12.02","1154.50"
"2009.12.03","1151.00"
"2009.12.04","1150.00"
"2009.12.07","1154.00"
"2009.12.08","1157.00"
"2009.12.09","1162.00"
"2009.12.10","1164.50"
"2009.12.11","1163.50"
"2009.12.14","1158.00"
"2009.12.15","1161.60"
"2009.12.16","1164.50"
"2009.12.17","1178.50"
"2009.12.18","1177.00"
"2009.12.21","1184.00"
"2009.12.22","1179.00"
"2009.12.23","1184.50"
"2009.12.24","1176.00"
"2009.12.28","1170.50"
"2009.12.29","1170.50"
"2009.12.30","1163.00"
"2009.12.31","1159.00"
"2010.01.04","1153.00"
"2010.01.05","1140.50"
"2010.01.06","1138.50"
"2010.01.07","1135.50"
"2010.01.08","1132.00"
"2010.01.11","1119.50"
"2010.01.12","1123.00"
"2010.01.13","1125.50"
"2010.01.14","1121.70"
"2010.01.15","1124.00"
"2010.01.18","1125.50"
"2010.01.19","1127.00"
"2010.01.20","1137.50"
"2010.01.21","1138.50"
"2010.01.22","1146.00"
"2010.01.25","1149.50"
"2010.01.26","1164.00"
"2010.01.27","1162.50"
"2010.01.28","1151.50"
"2010.01.29","1157.00"
"2010.02.01","1168.00"
"2010.02.02","1159.00"
"2010.02.03","1148.50"
"2010.02.04","1153.00"
"2010.02.05","1171.00"
"2010.02.08","1172.00"
"2010.02.09","1161.50"
"2010.02.10","1158.50"
"2010.02.11","1157.10"
"2010.02.12","1153.00"
"2010.02.16","1151.00"
"2010.02.17","1143.50"
"2010.02.18","1148.50"
"2010.02.19","1160.50"
"2010.02.22","1147.50"
"2010.02.23","1146.50"
"2010.02.24","1154.00"
"2010.02.25","1162.00"
"2010.02.26","1159.00"
"2010.03.02","1153.00"
"2010.03.03","1147.00"
"2010.03.04","1146.00"
"2010.03.05","1141.00"
"2010.03.08","1131.50"
"2010.03.09","1135.00"
"2010.03.10","1132.00"
"2010.03.11","1133.00"
"2010.03.12","1128.30"
"2010.03.15","1134.70"
"2010.03.16","1134.50"
"2010.03.17","1128.30"
"2010.03.18","1133.70"
"2010.03.19","1132.70"
"2010.03.22","1136.50"
"2010.03.23","1138.50"
"2010.03.24","1137.50"
"2010.03.25","1141.00"
"2010.03.26","1139.50"
"2010.03.29","1133.00"
"2010.03.30","1131.00"
"2010.03.31","1129.00"
"2010.04.01","1126.50"
"2010.04.02","1126.00"
"2010.04.05","1122.50"
"2010.04.06","1122.70"
"2010.04.07","1121.00"
"2010.04.08","1124.00"
"2010.04.09","1116.00"
"2010.04.12","1115.50"
"2010.04.13","1122.00"
"2010.04.14","1113.50"
"2010.04.15","1109.50"
"2010.04.16","1110.30"
"2010.04.19","1120.00"
"2010.04.20","1116.00"
"2010.04.21","1108.50"
"2010.04.22","1108.30"
"2010.04.23","1109.50"
"2010.04.26","1104.10"
"2010.04.27","1112.00"
"2010.04.28","1119.50"
"2010.04.29","1114.90"
"2010.04.30","1107.00"
"2010.05.03","1117.50"
"2010.05.04","1116.50"
"2010.05.06","1144.00"
"2010.05.07","1153.00"
"2010.05.10","1127.00"
"2010.05.11","1135.70"
"2010.05.12","1139.00"
"2010.05.13","1128.00"
"2010.05.14","1133.10"
"2010.05.17","1153.50"
"2010.05.18","1143.50"
"2010.05.19","1165.10"
"2010.05.20","1189.00"
"2010.05.24","1214.50"
"2010.05.25","1272.00"
"2010.05.26","1253.30"
"2010.05.27","1224.00"
"2010.05.28","1191.00"
"2010.05.31","1202.50"
"2010.06.01","1227.00"
"2010.06.03","1204.00"
"2010.06.04","1201.80"
"2010.06.07","1234.00"
"2010.06.08","1233.40"
"2010.06.09","1253.00"
"2010.06.10","1248.00"
"2010.06.11","1251.00"
"2010.06.14","1223.50"
"2010.06.15","1228.00"
"2010.06.16","1212.00"
"2010.06.17","1213.50"
"2010.06.18","1197.00"
"2010.06.21","1174.00"
"2010.06.22","1183.00"
"2010.06.23","1185.00"
"2010.06.24","1196.00"
"2010.06.25","1217.00"
"2010.06.28","1204.00"
"2010.06.29","1217.00"
"2010.06.30","1219.00"
"2010.07.01","1227.00"
"2010.07.02","1227.00"
"2010.07.05","1225.00"
"2010.07.06","1218.50"
"2010.07.07","1223.00"
"2010.07.08","1208.00"
"2010.07.09","1196.50"
"2010.07.12","1203.50"
"2010.07.13","1211.00"
"2010.07.14","1199.00"
"2010.07.15","1201.00"
"2010.07.16","1202.00"
"2010.07.19","1214.50"
"2010.07.20","1208.00"
"2010.07.21","1204.50"
"2010.07.22","1203.00"
"2010.07.23","1195.50"
"2010.07.26","1189.00"
"2010.07.27","1181.30"
"2010.07.28","1186.00"
"2010.07.29","1184.50"
"2010.07.30","1184.50"
"2010.08.02","1174.00"
"2010.08.03","1168.50"
"2010.08.04","1170.00"
"2010.08.05","1165.00"
"2010.08.06","1163.00"
"2010.08.09","1161.00"
"2010.08.10","1168.00"
"2010.08.11","1182.00"
"2010.08.12","1189.00"
"2010.08.13","1187.00"
"2010.08.16","1188.50"
"2010.08.17","1175.60"
"2010.08.18","1172.20"
"2010.08.19","1173.50"
"2010.08.20","1183.00"
"2010.08.23","1182.00"
"2010.08.24","1193.00"
"2010.08.25","1193.00"
"2010.08.26","1192.00"
"2010.08.27","1196.50"
"2010.08.30","1192.00"
"2010.08.31","1198.10"
"2010.09.01","1184.50"
"2010.09.02","1180.00"
"2010.09.03","1177.00"
"2010.09.06","1171.20"
"2010.09.07","1178.50"
"2010.09.08","1172.00"
"2010.09.09","1166.00"
"2010.09.10","1165.00"
"2010.09.13","1159.50"
"2010.09.14","1160.50"
"2010.09.15","1163.00"
"2010.09.16","1163.00"
"2010.09.17","1159.50"
"2010.09.20","1161.00"
"2010.09.24","1154.50"
"2010.09.27","1148.00"
"2010.09.28","1148.00"
"2010.09.29","1142.00"
"2010.09.30","1136.50"
"2010.10.01","1126.00"
"2010.10.04","1126.00"
"2010.10.05","1128.00"
"2010.10.06","1118.80"
"2010.10.07","1117.50"
"2010.10.08","1123.50"
"2010.10.11","1119.50"
"2010.10.12","1134.00"
"2010.10.13","1121.00"
"2010.10.14","1111.00"
"2010.10.15","1112.50"
"2010.10.18","1119.50"
"2010.10.19","1127.00"
"2010.10.20","1129.00"
"2010.10.21","1127.50"
"2010.10.22","1130.00"
"2010.10.25","1116.00"
"2010.10.26","1119.00"
"2010.10.27","1131.00"
"2010.10.28","1125.50"
"2010.10.29","1125.00"
"2010.11.01","1117.00"
"2010.11.02","1112.50"
"2010.11.03","1106.00"
"2010.11.04","1105.00"
"2010.11.05","1107.00"
"2010.11.08","1114.00"
"2010.11.09","1113.00"
"2010.11.10","1110.00"
"2010.11.11","1108.00"
"2010.11.12","1128.00"
"2010.11.15","1137.00"
"2010.11.16","1127.50"
"2010.11.17","1148.00"
"2010.11.18","1133.00"
"2010.11.19","1131.00"
"2010.11.22","1127.00"
"2010.11.23","1160.00"
"2010.11.24","1148.50"
"2010.11.25","1138.00"
"2010.11.26","1152.00"
"2010.11.29","1152.50"
"2010.11.30","1159.50"
"2010.12.01","1148.00"
"2010.12.02","1152.00"
"2010.12.03","1138.50"
"2010.12.06","1135.00"
"2010.12.07","1132.00"
"2010.12.08","1144.00"
"2010.12.09","1139.00"
"2010.12.10","1140.00"
"2010.12.13","1144.00"
"2010.12.14","1141.00"
"2010.12.15","1157.00"
"2010.12.16","1152.00"
"2010.12.17","1155.00"
"2010.12.20","1155.00"
"2010.12.21","1155.00"
"2010.12.22","1151.00"
"2010.12.23","1151.00"
"2010.12.24","1150.00"
"2010.12.27","1151.00"
"2010.12.28","1148.50"
"2010.12.29","1144.00"
"2010.12.30","1134.00"
"2010.12.31","1120.00"
"2011.01.03","1125.00"
"2011.01.04","1121.00"
"2011.01.05","1127.00"
"2011.01.06","1118.00"
"2011.01.07","1125.50"
"2011.01.10","1125.50"
"2011.01.11","1124.00"
"2011.01.12","1119.00"
"2011.01.13","1113.00"
"2011.01.14","1115.00"
"2011.01.17","1117.00"
"2011.01.18","1113.50"
"2011.01.19","1112.00"
"2011.01.20","1121.00"
"2011.01.21","1122.00"
"2011.01.24","1121.50"
"2011.01.25","1118.50"
"2011.01.26","1116.50"
"2011.01.27","1115.00"
"2011.01.28","1114.00"
"2011.01.31","1121.50"
"2011.02.01","1117.00"
"2011.02.07","1106.00"
"2011.02.08","1102.00"
"2011.02.09","1109.00"
"2011.02.10","1120.50"
"2011.02.11","1127.00"
"2011.02.14","1124.50"
"2011.02.15","1121.00"
"2011.02.16","1116.50"
"2011.02.17","1117.00"
"2011.02.18","1113.00"
"2011.02.21","1117.50"
"2011.02.22","1129.00"
"2011.02.23","1123.50"
"2011.02.24","1135.00"
"2011.02.25","1128.00"
"2011.02.28","1128.00"
"2011.03.02","1127.00"
"2011.03.03","1121.00"
"2011.03.04","1116.00"
"2011.03.07","1118.50"
"2011.03.08","1118.00"
"2011.03.09","1116.50"
"2011.03.10","1123.00"
"2011.03.11","1123.50"
"2011.03.14","1127.00"
"2011.03.15","1134.00"
"2011.03.16","1131.00"
"2011.03.17","1134.00"
"2011.03.18","1129.00"
"2011.03.21","1124.00"
"2011.03.22","1120.00"
"2011.03.23","1123.00"
"2011.03.24","1119.50"
"2011.03.25","1113.50"
"2011.03.28","1114.00"
"2011.03.29","1110.50"
"2011.03.30","1101.00"
"2011.03.31","1096.50"
"2011.04.01","1091.00"
"2011.04.04","1087.00"
"2011.04.05","1090.00"
"2011.04.06","1086.00"
"2011.04.07","1088.50"
"2011.04.08","1083.50"
"2011.04.11","1086.00"
"2011.04.12","1091.00"
"2011.04.13","1087.00"
"2011.04.14","1088.50"
"2011.04.15","1090.00"
"2011.04.18","1088.50"
"2011.04.19","1090.00"
"2011.04.20","1080.00"
"2011.04.21","1080.00"
"2011.04.22","1080.50"
"2011.04.25","1081.50"
"2011.04.26","1084.50"
"2011.04.27","1079.50"
"2011.04.28","1072.00"
"2011.04.29","1069.00"
"2011.05.02","1065.00"
"2011.05.03","1070.00"
"2011.05.04","1074.00"
"2011.05.06","1086.00"
"2011.05.09","1081.00"
"2011.05.11","1075.00"
"2011.05.12","1088.00"
"2011.05.13","1085.00"
"2011.05.16","1092.00"
"2011.05.17","1090.00"
"2011.05.18","1089.00"
"2011.05.19","1087.00"
"2011.05.20","1082.50"
"2011.05.23","1098.00"
"2011.05.24","1093.50"
"2011.05.25","1099.50"
"2011.05.26","1089.00"
"2011.05.27","1083.00"
"2011.05.30","1079.50"
"2011.05.31","1078.50"
"2011.06.01","1074.50"
"2011.06.02","1079.50"
"2011.06.03","1079.50"
"2011.06.07","1080.00"
"2011.06.08","1081.50"
"2011.06.09","1083.00"
"2011.06.10","1083.00"
"2011.06.13","1085.00"
"2011.06.14","1083.00"
"2011.06.15","1083.50"
"2011.06.16","1089.00"
"2011.06.17","1086.50"
"2011.06.20","1086.50"
"2011.06.21","1078.00"
"2011.06.22","1074.00"
"2011.06.23","1077.50"
"2011.06.24","1081.00"
"2011.06.27","1086.00"
"2011.06.28","1082.50"
"2011.06.29","1076.00"
"2011.06.30","1067.50"
"2011.07.01","1067.00"
"2011.07.04","1064.00"
"2011.07.05","1065.00"
"2011.07.06","1065.00"
"2011.07.07","1064.50"
"2011.07.08","1057.00"
"2011.07.11","1060.00"
"2011.07.12","1069.00"
"2011.07.13","1060.00"
"2011.07.14","1057.00"
"2011.07.15","1059.50"
"2011.07.18","1061.50"
"2011.07.19","1056.50"
"2011.07.20","1056.00"
"2011.07.21","1055.50"
"2011.07.22","1052.00"
"2011.07.25","1055.00"
"2011.07.26","1051.00"
"2011.07.27","1050.50"
"2011.07.28","1051.00"
"2011.07.29","1054.00"
"2011.08.01","1049.00"
"2011.08.02","1053.00"
"2011.08.03","1058.00"
"2011.08.04","1062.00"
"2011.08.05","1069.00"
"2011.08.08","1080.00"
"2011.08.09","1084.50"
"2011.08.10","1082.00"
"2011.08.11","1081.00"
"2011.08.12","1081.00"
"2011.08.16","1072.00"
"2011.08.17","1072.00"
"2011.08.18","1074.50"
"2011.08.19","1084.50"
"2011.08.22","1082.50"
"2011.08.23","1077.00"
"2011.08.24","1082.00"
"2011.08.25","1085.00"
"2011.08.26","1082.00"
"2011.08.29","1074.00"
"2011.08.30","1074.00"
"2011.08.31","1066.00"
"2011.09.01","1062.00"
"2011.09.02","1062.00"
"2011.09.05","1068.80"
"2011.09.06","1072.50"
"2011.09.07","1071.00"
"2011.09.08","1073.50"
"2011.09.09","1078.50"
"2011.09.14","1109.00"
"2011.09.15","1112.00"
"2011.09.16","1108.50"
"2011.09.19","1136.00"
"2011.09.20","1145.00"
"2011.09.21","1155.00"
"2011.09.22","1193.00"
"2011.09.23","1172.00"
"2011.09.26","1193.00"
"2011.09.27","1174.50"
"2011.09.28","1169.00"
"2011.09.29","1172.00"
"2011.09.30","1179.00"
"2011.10.04","1193.00"
"2011.10.05","1193.00"
"2011.10.06","1185.00"
"2011.10.07","1180.00"
"2011.10.10","1167.00"
"2011.10.11","1170.00"
"2011.10.12","1162.00"
"2011.10.13","1158.00"
"2011.10.14","1156.00"
"2011.10.17","1139.00"
"2011.10.18","1150.00"
"2011.10.19","1134.00"
"2011.10.20","1142.00"
"2011.10.21","1150.00"
"2011.10.24","1136.50"
"2011.10.25","1127.00"
"2011.10.26","1132.00"
"2011.10.27","1112.00"
"2011.10.28","1104.00"
"2011.10.31","1108.50"
"2011.11.01","1120.50"
"2011.11.02","1118.00"
"2011.11.03","1130.50"
"2011.11.04","1114.00"
"2011.11.07","1122.00"
"2011.11.08","1119.00"
"2011.11.09","1116.50"
"2011.11.10","1133.00"
"2011.11.11","1126.00"
"2011.11.14","1124.00"
"2011.11.15","1127.00"
"2011.11.16","1131.00"
"2011.11.17","1133.00"
"2011.11.18","1139.00"
"2011.11.21","1142.00"
"2011.11.22","1143.00"
"2011.11.23","1151.00"
"2011.11.24","1154.00"
"2011.11.25","1165.00"
"2011.11.28","1153.50"
"2011.11.29","1146.00"
"2011.11.30","1145.50"
"2011.12.01","1128.00"
"2011.12.02","1128.00"
"2011.12.05","1127.00"
"2011.12.06","1130.00"
"2011.12.07","1126.00"
"2011.12.08","1131.00"
"2011.12.09","1146.50"
"2011.12.12","1147.00"
"2011.12.13","1152.50"
"2011.12.14","1157.00"
"2011.12.15","1159.00"
"2011.12.16","1157.50"
"2011.12.19","1168.00"
"2011.12.20","1161.00"
"2011.12.21","1147.00"
"2011.12.22","1151.00"
"2011.12.23","1150.00"
"2011.12.26","1154.50"
"2011.12.27","1156.00"
"2011.12.28","1156.00"
"2011.12.29","1153.30"
"2011.12.30","1159.00"
"2012.01.02","1155.00"
"2012.01.03","1151.00"
"2012.01.04","1147.50"
"2012.01.05","1154.00"
"2012.01.06","1161.00"
"2012.01.09","1160.00"
"2012.01.10","1158.00"
"2012.01.11","1157.00"
"2012.01.12","1158.00"
"2012.01.13","1148.50"
"2012.01.16","1153.00"
"2012.01.17","1143.00"
"2012.01.18","1143.00"
"2012.01.19","1137.00"
"2012.01.20","1136.00"
"2012.01.25","1126.50"
"2012.01.26","1123.00"
"2012.01.27","1124.00"
"2012.01.30","1128.00"
"2012.01.31","1122.00"
"2012.02.01","1125.50"
"2012.02.02","1118.00"
"2012.02.03","1118.00"
"2012.02.06","1122.00"
"2012.02.07","1118.00"
"2012.02.08","1116.00"
"2012.02.09","1116.00"
"2012.02.10","1124.50"
"2012.02.13","1119.00"
"2012.02.14","1124.00"
"2012.02.15","1122.00"
"2012.02.16","1133.00"
"2012.02.17","1126.50"
"2012.02.20","1124.00"
"2012.02.21","1123.00"
"2012.02.22","1126.00"
"2012.02.23","1127.00"
"2012.02.24","1127.50"
"2012.02.27","1129.50"
"2012.02.28","1125.00"
"2012.02.29","1116.00"
"2012.03.02","1116.50"
"2012.03.05","1119.00"
"2012.03.06","1123.00"
"2012.03.07","1124.50"
"2012.03.08","1118.00"
"2012.03.09","1119.00"
"2012.03.12","1124.00"
"2012.03.13","1123.00"
"2012.03.14","1127.50"
"2012.03.15","1127.00"
"2012.03.16","1127.00"
"2012.03.19","1123.00"
"2012.03.20","1127.00"
"2012.03.21","1127.00"
"2012.03.22","1131.00"
"2012.03.23","1134.00"
"2012.03.26","1141.00"
"2012.03.27","1133.00"
"2012.03.28","1135.00"
"2012.03.29","1136.50"
"2012.03.30","1132.00"
"2012.04.02","1126.00"
"2012.04.03","1122.50"
"2012.04.04","1129.50"
"2012.04.05","1129.50"
"2012.04.06","1131.50"
"2012.04.09","1138.50"
"2012.04.10","1140.50"
"2012.04.12","1140.00"
"2012.04.13","1134.50"
"2012.04.16","1138.00"
"2012.04.17","1137.50"
"2012.04.18","1137.50"
"2012.04.19","1137.50"
"2012.04.20","1140.00"
"2012.04.23","1140.50"
"2012.04.24","1140.00"
"2012.04.25","1139.50"
"2012.04.26","1135.00"
"2012.04.27","1134.00"
"2012.04.30","1128.50"
"2012.05.02","1128.00"
"2012.05.03","1129.00"
"2012.05.04","1132.00"
"2012.05.07","1137.50"
"2012.05.08","1136.00"
"2012.05.09","1140.00"
"2012.05.10","1141.50"
"2012.05.11","1147.00"
"2012.05.14","1152.50"
"2012.05.15","1153.00"
"2012.05.16","1167.50"
"2012.05.17","1164.00"
"2012.05.18","1170.00"
"2012.05.21","1167.50"
"2012.05.22","1163.50"
"2012.05.23","1173.50"
"2012.05.24","1184.00"
"2012.05.25","1180.00"
"2012.05.29","1174.50"
"2012.05.30","1178.00"
"2012.05.31","1177.50"
"2012.06.01","1179.00"
"2012.06.04","1182.00"
"2012.06.05","1180.50"
"2012.06.07","1170.00"
"2012.06.08","1174.00"
"2012.06.11","1166.00"
"2012.06.12","1169.00"
"2012.06.13","1166.00"
"2012.06.14","1166.00"
"2012.06.15","1163.00"
"2012.06.18","1159.50"
"2012.06.19","1155.00"
"2012.06.20","1151.00"
"2012.06.21","1152.00"
"2012.06.22","1159.00"
"2012.06.25","1161.00"
"2012.06.26","1158.50"
"2012.06.27","1157.00"
"2012.06.28","1155.50"
"2012.06.29","1146.50"
"2012.07.02","1143.00"
"2012.07.03","1136.00"
"2012.07.04","1136.50"
"2012.07.05","1135.00"
"2012.07.06","1138.50"
"2012.07.09","1143.00"
"2012.07.10","1142.00"
"2012.07.11","1141.00"
"2012.07.12","1151.50"
"2012.07.13","1150.50"
"2012.07.16","1147.00"
"2012.07.17","1142.00"
"2012.07.18","1142.00"
"2012.07.19","1139.50"
"2012.07.20","1140.50"
"2012.07.23","1147.50"
"2012.07.24","1147.00"
"2012.07.25","1148.70"
"2012.07.26","1147.00"
"2012.07.27","1140.00"
"2012.07.30","1137.50"
"2012.07.31","1128.50"
"2012.08.01","1127.00"
"2012.08.02","1131.00"
"2012.08.03","1133.50"
"2012.08.06","1129.00"
"2012.08.07","1127.00"
"2012.08.08","1128.00"
"2012.08.09","1127.00"
"2012.08.10","1130.00"
"2012.08.13","1130.00"
"2012.08.14","1129.00"
"2012.08.16","1133.00"
"2012.08.17","1135.00"
"2012.08.20","1134.50"
"2012.08.21","1129.50"
"2012.08.22","1134.50"
"2012.08.23","1130.50"
"2012.08.24","1135.00"
"2012.08.27","1135.00"
"2012.08.28","1135.50"
"2012.08.29","1133.50"
"2012.08.30","1133.50"
"2012.08.31","1134.00"
"2012.09.03","1132.00"
"2012.09.04","1133.00"
"2012.09.05","1137.50"
"2012.09.06","1133.00"
"2012.09.07","1129.50"
"2012.09.10","1129.50"
"2012.09.11","1125.50"
"2012.09.12","1126.00"
"2012.09.13","1128.50"
"2012.09.14","1117.50"
"2012.09.17","1117.50"
"2012.09.18","1118.50"
"2012.09.19","1115.50"
"2012.09.20","1122.00"
"2012.09.21","1117.00"
"2012.09.24","1120.50"
"2012.09.25","1119.00"
"2012.09.26","1120.00"
"2012.09.27","1116.50"
"2012.09.28","1112.00"
"2012.10.02","1113.50"
"2012.10.04","1113.50"
"2012.10.05","1110.50"
"2012.10.08","1112.00"
"2012.10.09","1111.50"
"2012.10.10","1114.00"
"2012.10.11","1112.50"
"2012.10.12","1110.50"
"2012.10.15","1110.00"
"2012.10.16","1106.00"
"2012.10.17","1104.00"
"2012.10.18","1103.00"
"2012.10.19","1103.00"
"2012.10.22","1104.00"
"2012.10.23","1103.00"
"2012.10.24","1103.50"
"2012.10.25","1095.00"
"2012.10.26","1098.00"
"2012.10.29","1095.50"
"2012.10.30","1090.00"
"2012.10.31","1090.00"
"2012.11.01","1092.00"
"2012.11.02","1091.50"
"2012.11.05","1092.50"
"2012.11.06","1091.00"
"2012.11.07","1084.50"
"2012.11.08","1089.50"
"2012.11.09","1087.50"
"2012.11.12","1089.50"
"2012.11.13","1090.50"
"2012.11.14","1085.00"
"2012.11.15","1087.00"
"2012.11.16","1091.00"
"2012.11.19","1087.00"
"2012.11.20","1083.00"
"2012.11.21","1082.00"
"2012.11.22","1085.00"
"2012.11.23","1085.50"
"2012.11.26","1085.00"
"2012.11.27","1084.00"
"2012.11.28","1086.50"
"2012.11.29","1083.00"
"2012.11.30","1082.50"
"2012.12.03","1083.00"
"2012.12.04","1083.50"
"2012.12.05","1080.50"
"2012.12.06","1083.50"
"2012.12.07","1082.00"
"2012.12.10","1078.00"
"2012.12.11","1076.00"
"2012.12.12","1074.00"
"2012.12.13","1073.00"
"2012.12.14","1074.00"
"2012.12.17","1072.00"
"2012.12.18","1073.50"
"2012.12.20","1073.00"
"2012.12.21","1074.50"
"2012.12.24","1073.50"
"2012.12.26","1073.00"
"2012.12.27","1071.00"
"2012.12.28","1066.50"
"2012.12.31","1063.00"
"2013.01.02","1061.50"
"2013.01.03","1061.00"
"2013.01.04","1064.00"
"2013.01.07","1063.50"
"2013.01.08","1063.00"
"2013.01.09","1061.00"
"2013.01.10","1059.00"
"2013.01.11","1056.00"
"2013.01.14","1056.10"
"2013.01.15","1056.50"
"2013.01.16","1059.50"
"2013.01.17","1057.00"
"2013.01.18","1057.00"
"2013.01.21","1063.00"
"2013.01.22","1061.50"
"2013.01.23","1066.00"
"2013.01.24","1067.50"
"2013.01.25","1074.50"
"2013.01.28","1091.00"
"2013.01.29","1085.00"
"2013.01.30","1084.00"
"2013.01.31","1087.00"
"2013.02.01","1095.00"
"2013.02.04","1086.50"
"2013.02.05","1085.50"
"2013.02.06","1088.00"
"2013.02.07","1090.50"
"2013.02.08","1093.50"
"2013.02.12","1092.00"
"2013.02.13","1086.50"
"2013.02.14","1081.50"
"2013.02.15","1079.00"
"2013.02.18","1083.50"
"2013.02.19","1080.50"
"2013.02.20","1079.00"
"2013.02.21","1085.50"
"2013.02.22","1084.00"
"2013.02.25","1085.50"
"2013.02.26","1089.50"
"2013.02.27","1086.50"
"2013.02.28","1083.00"
"2013.03.04","1091.00"
"2013.03.05","1086.00"
"2013.03.06","1083.00"
"2013.03.07","1085.50"
"2013.03.08","1089.50"
"2013.03.11","1096.00"
"2013.03.12","1096.00"
"2013.03.13","1099.50"
"2013.03.14","1107.00"
"2013.03.15","1112.00"
"2013.03.18","1112.50"
"2013.03.19","1111.50"
"2013.03.20","1115.00"
"2013.03.21","1116.50"
"2013.03.22","1118.00"
"2013.03.25","1110.00"
"2013.03.26","1108.00"
"2013.03.27","1111.50"
"2013.03.28","1112.00"
"2013.03.29","1111.00"
"2013.04.01","1113.50"
"2013.04.02","1119.00"
"2013.04.03","1117.00"
"2013.04.04","1128.00"
"2013.04.05","1131.50"
"2013.04.08","1146.00"
"2013.04.09","1140.00"
"2013.04.10","1128.50"
"2013.04.11","1127.50"
"2013.04.12","1130.00"
"2013.04.15","1118.50"
"2013.04.16","1116.50"
"2013.04.17","1117.50"
"2013.04.18","1122.00"
"2013.04.19","1118.50"
"2013.04.22","1121.50"
"2013.04.23","1121.50"
"2013.04.24","1117.00"
"2013.04.25","1110.50"
"2013.04.26","1110.50"
"2013.04.29","1107.00"
"2013.04.30","1104.50"
"2013.05.02","1101.50"
"2013.05.03","1095.50"
"2013.05.06","1096.50"
"2013.05.07","1089.50"
"2013.05.08","1084.00"
"2013.05.09","1090.00"
"2013.05.10","1108.00"
"2013.05.13","1112.50"
"2013.05.14","1108.00"
"2013.05.15","1116.00"
"2013.05.16","1117.50"
"2013.05.20","1115.00"
"2013.05.21","1113.50"
"2013.05.22","1114.50"
"2013.05.23","1127.00"
"2013.05.24","1124.50"
"2013.05.27","1121.00"
"2013.05.28","1127.00"
"2013.05.29","1133.00"
"2013.05.30","1128.00"
"2013.05.31","1131.00"
"2013.06.03","1129.50"
"2013.06.04","1123.00"
"2013.06.05","1117.00"
"2013.06.07","1119.00"
"2013.06.10","1130.00"
"2013.06.11","1133.50"
"2013.06.12","1130.00"
"2013.06.13","1132.50"
"2013.06.14","1127.00"
"2013.06.17","1125.50"
"2013.06.18","1130.50"
"2013.06.19","1130.00"
"2013.06.20","1154.50"
"2013.06.21","1154.00"
"2013.06.24","1163.50"
"2013.06.25","1151.50"
"2013.06.26","1153.50"
"2013.06.27","1146.50"
"2013.06.28","1139.50"
"2013.07.01","1135.50"
"2013.07.02","1134.50"
"2013.07.03","1142.50"
"2013.07.04","1140.00"
"2013.07.05","1142.00"
"2013.07.08","1151.00"
"2013.07.09","1139.50"
"2013.07.10","1135.50"
"2013.07.11","1125.50"
"2013.07.12","1126.00"
"2013.07.15","1123.50"
"2013.07.16","1119.00"
"2013.07.17","1120.50"
"2013.07.18","1124.50"
"2013.07.19","1121.00"
"2013.07.22","1118.50"
"2013.07.23","1117.50"
"2013.07.24","1113.50"
"2013.07.25","1116.00"
"2013.07.26","1111.50"
"2013.07.29","1111.50"
"2013.07.30","1113.50"
"2013.07.31","1121.50"
"2013.08.01","1123.00"
"2013.08.02","1123.00"
"2013.08.05","1114.50"
"2013.08.06","1115.50"
"2013.08.07","1117.50"
"2013.08.08","1112.50"
"2013.08.09","1111.50"
"2013.08.12","1114.50"
"2013.08.13","1116.00"
"2013.08.14","1118.50"
"2013.08.16","1112.50"
"2013.08.19","1115.50"
"2013.08.20","1118.50"
"2013.08.21","1118.50"
"2013.08.22","1120.00"
"2013.08.23","1113.50"
"2013.08.26","1112.50"
"2013.08.27","1116.50"
"2013.08.28","1116.00"
"2013.08.29","1111.50"
"2013.08.30","1109.00"
"2013.09.02","1098.50"
"2013.09.03","1098.50"
"2013.09.04","1094.50"
"2013.09.05","1098.50"
"2013.09.06","1092.50"
"2013.09.09","1084.50"
"2013.09.10","1084.50"
"2013.09.11","1085.50"
"2013.09.12","1084.50"
"2013.09.13","1086.50"
"2013.09.16","1081.00"
"2013.09.17","1083.50"
"2013.09.23","1075.00"
"2013.09.24","1074.00"
"2013.09.25","1076.00"
"2013.09.26","1076.50"
"2013.09.27","1075.00"
"2013.09.30","1073.00"
"2013.10.01","1073.50"
"2013.10.02","1074.50"
"2013.10.04","1071.00"
"2013.10.07","1072.50"
"2013.10.08","1074.00"
"2013.10.10","1071.50"
"2013.10.11","1072.00"
"2013.10.14","1072.00"
"2013.10.15","1064.50"
"2013.10.16","1067.00"
"2013.10.17","1063.00"
"2013.10.18","1062.00"
"2013.10.21","1062.00"
"2013.10.22","1060.50"
"2013.10.23","1058.00"
"2013.10.24","1062.00"
"2013.10.25","1062.00"
"2013.10.28","1060.50"
"2013.10.29","1060.50"
"2013.10.30","1060.00"
"2013.10.31","1059.50"
"2013.11.01","1061.00"
"2013.11.04","1063.00"
"2013.11.05","1061.00"
"2013.11.06","1061.00"
"2013.11.07","1061.00"
"2013.11.08","1064.50"
"2013.11.11","1072.00"
"2013.11.12","1072.50"
"2013.11.13","1072.50"
"2013.11.14","1067.50"
"2013.11.15","1063.50"
"2013.11.18","1057.00"
"2013.11.19","1054.50"
"2013.11.20","1057.50"
"2013.11.21","1061.50"
"2013.11.22","1061.00"
"2013.11.25","1061.50"
"2013.11.26","1060.00"
"2013.11.27","1062.50"
"2013.11.28","1060.00"
"2013.11.29","1058.50"
"2013.12.02","1057.00"
"2013.12.03","1061.00"
"2013.12.04","1061.00"
"2013.12.05","1059.50"
"2013.12.06","1058.00"
"2013.12.09","1051.00"
"2013.12.10","1050.50"
"2013.12.11","1051.00"
"2013.12.12","1050.50"
"2013.12.13","1053.00"
"2013.12.16","1052.50"
"2013.12.17","1052.00"
"2013.12.18","1052.50"
"2013.12.19","1058.50"
"2013.12.20","1061.00"
"2013.12.23","1061.00"
"2013.12.24","1058.50"
"2013.12.26","1059.00"
"2013.12.27","1054.50"
"2013.12.30","1053.50"
"2013.12.31","1045.00"
"2014.01.02","1050.50"
"2014.01.03","1055.00"
"2014.01.06","1066.00"
"2014.01.07","1068.50"
"2014.01.08","1066.00"
"2014.01.09","1063.00"
"2014.01.10","1061.00"
"2014.01.13","1056.00"
"2014.01.14","1059.00"
"2014.01.15","1062.50"
"2014.01.16","1063.50"
"2014.01.17","1061.50"
"2014.01.20","1064.00"
"2014.01.21","1067.00"
"2014.01.22","1067.00"
"2014.01.23","1075.00"
"2014.01.24","1079.50"
"2014.01.27","1082.50"
"2014.01.28","1078.00"
"2014.01.29","1072.00"
"2014.02.03","1086.00"
"2014.02.04","1081.50"
"2014.02.05","1078.00"
"2014.02.06","1078.50"
"2014.02.07","1075.50"
"2014.02.10","1072.50"
"2014.02.11","1066.50"
"2014.02.12","1061.20"
"2014.02.13","1063.80"
"2014.02.14","1060.00"
"2014.02.17","1060.50"
"2014.02.18","1065.60"
"2014.02.19","1065.00"
"2014.02.20","1074.80"
"2014.02.21","1071.50"
"2014.02.24","1073.00"
"2014.02.25","1073.00"
"2014.02.26","1066.50"
"2014.02.27","1067.50"
"2014.02.28","1067.50"
"2014.03.03","1070.70"
"2014.03.04","1071.00"
"2014.03.05","1070.50"
"2014.03.06","1065.00"
"2014.03.07","1061.20"
"2014.03.10","1066.20"
"2014.03.11","1065.00"
"2014.03.12","1071.70"
"2014.03.13","1068.00"
"2014.03.14","1070.50"
"2014.03.17","1067.30"
"2014.03.18","1070.70"
"2014.03.19","1069.00"
"2014.03.20","1075.20"
"2014.03.21","1080.00"
"2014.03.24","1076.70"
"2014.03.25","1077.90"
"2014.03.26","1075.30"
"2014.03.27","1072.80"
"2014.03.28","1069.00"
"2014.03.31","1062.50"
"2014.04.01","1058.00"
"2014.04.02","1057.80"
"2014.04.03","1057.30"
"2014.04.04","1054.80"
"2014.04.07","1054.90"
"2014.04.08","1048.30"
"2014.04.09","1039.30"
"2014.04.10","1037.50"
"2014.04.11","1036.00"
"2014.04.14","1040.50"
"2014.04.15","1041.50"
"2014.04.16","1038.80"
"2014.04.17","1039.00"
"2014.04.18","1038.30"
"2014.04.21","1038.80"
"2014.04.22","1038.30"
"2014.04.23","1039.50"
"2014.04.24","1039.50"
"2014.04.25","1040.50"
"2014.04.28","1034.50"
"2014.04.29","1030.30"
"2014.04.30","1032.00"
"2014.05.02","1029.50"
"2014.05.07","1023.00"
"2014.05.08","1021.50"
"2014.05.09","1026.00"
"2014.05.12","1024.40"
"2014.05.13","1022.00"
"2014.05.14","1025.50"
"2014.05.15","1026.00"
"2014.05.16","1025.00"
"2014.05.19","1021.80"
"2014.05.20","1025.00"
"2014.05.21","1025.50"
"2014.05.22","1024.00"
"2014.05.23","1025.50"
"2014.05.26","1023.50"
"2014.05.27","1023.20"
"2014.05.28","1021.00"
"2014.05.29","1017.50"
"2014.05.30","1020.30"
"2014.06.02","1024.00"
"2014.06.03","1024.00"
"2014.06.05","1022.00"
"2014.06.09","1015.20"
"2014.06.10","1017.00"
"2014.06.11","1016.50"
"2014.06.12","1017.20"
"2014.06.13","1019.00"
"2014.06.16","1021.50"
"2014.06.17","1021.50"
"2014.06.18","1023.00"
"2014.06.19","1018.00"
"2014.06.20","1021.50"
"2014.06.23","1019.50"
"2014.06.24","1017.50"
"2014.06.25","1020.00"
"2014.06.26","1015.70"
"2014.06.27","1014.50"
"2014.06.30","1011.50"
"2014.07.01","1011.00"
"2014.07.02","1007.50"
"2014.07.03","1008.50"
"2014.07.04","1009.70"
"2014.07.07","1012.20"
"2014.07.08","1011.50"
"2014.07.09","1012.00"
"2014.07.10","1013.80"
"2014.07.11","1019.00"
"2014.07.14","1018.00"
"2014.07.15","1027.00"
"2014.07.16","1029.50"
"2014.07.17","1026.80"
"2014.07.18","1030.00"
"2014.07.21","1027.50"
"2014.07.22","1025.00"
"2014.07.23","1024.00"
"2014.07.24","1028.50"
"2014.07.25","1027.00"
"2014.07.28","1026.00"
"2014.07.29","1024.20"
"2014.07.30","1024.20"
"2014.07.31","1030.70"
"2014.08.01","1038.00"
"2014.08.04","1033.00"
"2014.08.05","1029.20"
"2014.08.06","1032.70"
"2014.08.07","1036.80"
"2014.08.08","1036.00"
"2014.08.11","1030.50"
"2014.08.12","1027.50"
"2014.08.13","1029.30"
"2014.08.14","1021.70"
"2014.08.18","1017.50"
"2014.08.19","1017.50"
"2014.08.20","1021.50"
"2014.08.21","1022.50"
"2014.08.22","1018.00"
"2014.08.25","1020.00"
"2014.08.26","1016.80"
"2014.08.27","1014.00"
"2014.08.28","1014.30"
"2014.08.29","1014.00"
"2014.09.01","1012.00"
"2014.09.02","1018.50"
"2014.09.03","1018.60"
"2014.09.04","1018.00"
"2014.09.05","1025.00"
"2014.09.11","1036.00"
"2014.09.12","1034.20"
"2014.09.15","1038.80"
"2014.09.16","1036.20"
"2014.09.17","1035.00"
"2014.09.18","1039.50"
"2014.09.19","1044.50"
"2014.09.22","1043.00"
"2014.09.23","1039.50"
"2014.09.24","1038.00"
"2014.09.25","1043.50"
"2014.09.26","1044.50"
"2014.09.29","1056.00"
"2014.09.30","1055.00"
"2014.10.01","1063.50"
"2014.10.02","1060.90"
"2014.10.06","1068.50"
"2014.10.07","1067.60"
"2014.10.08","1074.00"
"2014.10.10","1073.00"
"2014.10.13","1068.00"
"2014.10.14","1064.50"
"2014.10.15","1064.70"
"2014.10.16","1062.00"
"2014.10.17","1065.50"
"2014.10.20","1060.00"
"2014.10.21","1054.50"
"2014.10.22","1051.40"
"2014.10.23","1056.10"
"2014.10.24","1058.00"
"2014.10.27","1052.50"
"2014.10.28","1049.30"
"2014.10.29","1047.70"
"2014.10.30","1057.30"
"2014.10.31","1067.50"
"2014.11.03","1073.60"
"2014.11.04","1078.10"
"2014.11.05","1087.00"
"2014.11.06","1086.00"
"2014.11.07","1093.50"
"2014.11.10","1085.10"
"2014.11.11","1095.60"
"2014.11.12","1095.50"
"2014.11.13","1096.30"
"2014.11.14","1100.30"
"2014.11.17","1095.40"
"2014.11.18","1099.30"
"2014.11.19","1106.60"
"2014.11.20","1115.00"
"2014.11.21","1113.00"
"2014.11.24","1113.50"
"2014.11.25","1110.90"
"2014.11.26","1108.00"
"2014.11.27","1097.50"
"2014.11.28","1108.50"
"2014.12.01","1110.70"
"2014.12.02","1110.70"
"2014.12.03","1112.40"
"2014.12.04","1115.00"
"2014.12.05","1115.00"
"2014.12.08","1120.00"
"2014.12.09","1109.00"
"2014.12.10","1103.90"
"2014.12.11","1100.70"
"2014.12.12","1102.00"
"2014.12.15","1099.10"
"2014.12.16","1084.70"
"2014.12.17","1095.00"
"2014.12.18","1098.90"
"2014.12.19","1099.50"
"2014.12.22","1096.30"
"2014.12.23","1101.30"
"2014.12.24","1102.30"
"2014.12.26","1099.20"
"2014.12.29","1097.80"
"2014.12.30","1095.00"
"2014.12.31","1088.50"
"2015.01.02","1104.50"
"2015.01.05","1110.70"
"2015.01.06","1099.00"
"2015.01.07","1099.50"
"2015.01.08","1096.00"
"2015.01.09","1091.10"
"2015.01.12","1084.50"
"2015.01.13","1083.20"
"2015.01.14","1081.50"
"2015.01.15","1078.90"
"2015.01.16","1077.50"
"2015.01.19","1078.60"
"2015.01.20","1087.00"
"2015.01.21","1084.00"
"2015.01.22","1084.70"
"2015.01.23","1082.30"
"2015.01.26","1082.20"
"2015.01.27","1078.00"
"2015.01.28","1082.90"
"2015.01.29","1093.50"
"2015.01.30","1095.80"
"2015.02.02","1102.00"
"2015.02.03","1099.20"
"2015.02.04","1085.70"
"2015.02.05","1090.70"
"2015.02.06","1090.20"
"2015.02.09","1095.50"
"2015.02.10","1092.00"
"2015.02.11","1100.50"
"2015.02.12","1107.50"
"2015.02.13","1100.30"
"2015.02.16","1101.50"
"2015.02.17","1105.20"
"2015.02.23","1109.70"
"2015.02.24","1111.80"
"2015.02.25","1098.50"
"2015.02.26","1095.00"
"2015.02.27","1099.70"
"2015.03.02","1101.30"
"2015.03.03","1097.80"
"2015.03.04","1100.80"
"2015.03.05","1100.20"
"2015.03.06","1098.60"
"2015.03.09","1109.20"
"2015.03.10","1124.00"
"2015.03.11","1126.20"
"2015.03.12","1122.50"
"2015.03.13","1128.80"
"2015.03.16","1131.00"
"2015.03.17","1126.70"
"2015.03.18","1129.20"
"2015.03.19","1120.00"
"2015.03.20","1126.30"
"2015.03.23","1115.80"
"2015.03.24","1101.00"
"2015.03.25","1102.00"
"2015.03.26","1105.00"
"2015.03.27","1106.80"
"2015.03.30","1105.90"
"2015.03.31","1110.00"
"2015.04.01","1105.00"
"2015.04.02","1093.80"
"2015.04.03","1092.80"
"2015.04.06","1084.90"
"2015.04.07","1091.50"
"2015.04.08","1091.50"
"2015.04.09","1091.00"
"2015.04.10","1093.80"
"2015.04.13","1102.50"
"2015.04.14","1095.50"
"2015.04.15","1096.60"
"2015.04.16","1088.70"
"2015.04.17","1080.90"
"2015.04.20","1079.70"
"2015.04.21","1082.50"
"2015.04.22","1078.70"
"2015.04.23","1083.10"
"2015.04.24","1079.20"
"2015.04.27","1073.70"
"2015.04.28","1071.60"
"2015.04.29","1068.10"
"2015.04.30","1074.30"
"2015.05.04","1080.90"
"2015.05.06","1081.20"
"2015.05.07","1092.70"
"2015.05.08","1089.70"
"2015.05.11","1092.00"
"2015.05.12","1096.60"
"2015.05.13","1097.80"
"2015.05.14","1091.30"
"2015.05.15","1086.60"
"2015.05.18","1086.50"
"2015.05.19","1089.50"
"2015.05.20","1096.50"
"2015.05.21","1092.10"
"2015.05.22","1090.60"
"2015.05.26","1106.30"
"2015.05.27","1104.80"
"2015.05.28","1105.50"
"2015.05.29","1109.20"
"2015.06.01","1112.50"
"2015.06.02","1113.40"
"2015.06.03","1107.20"
"2015.06.04","1110.30"
"2015.06.05","1112.80"
"2015.06.08","1122.60"
"2015.06.09","1119.90"
"2015.06.10","1110.00"
"2015.06.11","1111.60"
"2015.06.12","1117.30"
"2015.06.15","1117.30"
"2015.06.16","1118.90"
"2015.06.17","1118.30"
"2015.06.18","1103.30"
"2015.06.19","1108.00"
"2015.06.22","1100.30"
"2015.06.23","1105.00"
"2015.06.24","1108.30"
"2015.06.25","1111.30"
"2015.06.26","1119.50"
"2015.06.29","1122.90"
"2015.06.30","1116.30"
"2015.07.01","1120.50"
"2015.07.02","1126.50"
"2015.07.03","1123.50"
"2015.07.06","1126.00"
"2015.07.07","1133.50"
"2015.07.08","1136.70"
"2015.07.09","1133.20"
"2015.07.10","1130.10"
"2015.07.13","1131.80"
"2015.07.14","1142.10"
"2015.07.15","1144.50"
"2015.07.16","1147.70"
"2015.07.17","1146.20"
"2015.07.20","1155.00"
"2015.07.21","1154.40"
"2015.07.22","1152.80"
"2015.07.23","1161.00"
"2015.07.24","1170.40"
"2015.07.27","1167.80"
"2015.07.28","1166.50"
"2015.07.29","1160.50"
"2015.07.30","1170.40"
"2015.07.31","1172.20"
"2015.08.03","1167.50"
"2015.08.04","1164.00"
"2015.08.05","1171.00"
"2015.08.06","1168.10"
"2015.08.07","1166.70"
"2015.08.10","1163.70"
"2015.08.11","1176.50"
"2015.08.12","1182.60"
"2015.08.13","1174.60"
"2015.08.17","1183.00"
"2015.08.18","1182.00"
"2015.08.19","1182.50"
"2015.08.20","1190.00"
"2015.08.21","1194.00"
"2015.08.24","1201.80"
"2015.08.25","1183.00"
"2015.08.26","1187.10"
"2015.08.27","1180.00"
"2015.08.28","1177.00"
"2015.08.31","1182.50"
"2015.09.01","1176.00"
"2015.09.02","1184.00"
"2015.09.03","1190.30"
"2015.09.04","1191.30"
"2015.09.07","1204.30"
"2015.09.08","1197.50"
"2015.09.09","1193.50"
"2015.09.10","1186.50"
"2015.09.11","1186.00"
"2015.09.14","1182.50"
"2015.09.15","1181.50"
"2015.09.16","1174.50"
"2015.09.17","1167.50"
"2015.09.18","1162.00"
"2015.09.21","1176.50"
"2015.09.22","1182.50"
"2015.09.23","1189.50"
"2015.09.24","1194.00"
"2015.09.25","1194.00"
"2015.09.30","1181.50"
"2015.10.01","1177.00"
"2015.10.02","1183.00"
"2015.10.05","1168.00"
"2015.10.06","1167.00"
"2015.10.07","1157.00"
"2015.10.08","1161.50"
"2015.10.12","1144.00"
"2015.10.13","1149.50"
"2015.10.14","1145.00"
"2015.10.15","1127.00"
"2015.10.16","1133.00"
"2015.10.19","1123.50"
"2015.10.20","1132.00"
"2015.10.21","1137.00"
"2015.10.22","1138.00"
"2015.10.23","1128.00"
"2015.10.26","1132.50"
"2015.10.27","1133.50"
"2015.10.28","1131.50"
"2015.10.29","1144.50"
"2015.10.30","1138.50"
"2015.11.02","1140.50"
"2015.11.03","1133.50"
"2015.11.04","1133.50"
"2015.11.05","1138.50"
"2015.11.06","1142.00"
"2015.11.09","1159.00"
"2015.11.10","1158.50"
"2015.11.11","1156.00"
"2015.11.12","1159.50"
"2015.11.13","1166.00"
"2015.11.16","1172.30"
"2015.11.17","1172.50"
"2015.11.18","1171.00"
"2015.11.19","1164.00"
"2015.11.20","1156.50"
"2015.11.23","1159.50"
"2015.11.24","1153.80"
"2015.11.25","1144.00"
"2015.11.26","1149.50"
"2015.11.27","1156.00"
"2015.11.30","1158.00"
"2015.12.01","1158.00"
"2015.12.02","1163.50"
"2015.12.03","1164.50"
"2015.12.04","1161.00"
"2015.12.07","1168.00"
"2015.12.08","1177.50"
"2015.12.09","1182.00"
"2015.12.10","1181.00"
"2015.12.11","1181.50"
"2015.12.14","1185.50"
"2015.12.15","1181.00"
"2015.12.16","1177.00"
"2015.12.17","1180.50"
"2015.12.18","1184.00"
"2015.12.21","1177.50"
"2015.12.22","1171.00"
"2015.12.23","1176.50"
"2015.12.24","1170.50"
"2015.12.28","1166.00"
"2015.12.29","1168.50"
"2015.12.30","1173.00"
"2015.12.31","1177.50"
"2016.01.04","1189.50"
"2016.01.05","1189.50"
"2016.01.06","1200.00"
"2016.01.07","1200.20"
"2016.01.08","1199.50"
"2016.01.11","1206.50"
"2016.01.12","1212.50"
"2016.01.13","1204.00"
"2016.01.14","1214.00"
"2016.01.15","1215.00"
"2016.01.18","1211.50"
"2016.01.19","1206.50"
"2016.01.20","1216.50"
"2016.01.21","1213.50"
"2016.01.22","1199.00"
"2016.01.25","1197.50"
"2016.01.26","1205.00"
"2016.01.27","1203.00"
"2016.01.28","1206.00"
"2016.01.29","1204.50"
"2016.02.01","1202.50"
"2016.02.02","1209.00"
"2016.02.03","1217.00"
"2016.02.04","1198.50"
"2016.02.05","1197.50"
"2016.02.11","1202.50"
"2016.02.12","1208.00"
"2016.02.15","1208.50"
"2016.02.16","1215.00"
"2016.02.17","1227.00"
"2016.02.18","1229.50"
"2016.02.19","1233.00"
"2016.02.22","1231.50"
"2016.02.23","1232.50"
"2016.02.24","1234.50"
"2016.02.25","1241.00"
"2016.02.26","1236.50"
"2016.02.29","1236.50"
"2016.03.02","1228.00"
"2016.03.03","1215.50"
"2016.03.04","1207.00"
"2016.03.07","1205.00"
"2016.03.08","1208.50"
"2016.03.09","1215.00"
"2016.03.10","1201.00"
"2016.03.11","1194.00"
"2016.03.14","1187.50"
"2016.03.15","1190.00"
"2016.03.16","1193.40"
"2016.03.17","1170.00"
"2016.03.18","1162.50"
"2016.03.21","1160.00"
"2016.03.22","1159.00"
"2016.03.23","1161.50"
"2016.03.24","1167.00"
"2016.03.25","1170.00"
"2016.03.28","1166.00"
"2016.03.29","1165.50"
"2016.03.30","1147.00"
"2016.03.31","1140.50"
"2016.04.01","1152.00"
"2016.04.04","1150.00"
"2016.04.05","1160.00"
"2016.04.06","1160.00"
"2016.04.07","1154.00"
"2016.04.08","1153.50"
"2016.04.11","1147.00"
"2016.04.12","1143.50"
"2016.04.14","1154.50"
"2016.04.15","1148.00"
"2016.04.18","1148.00"
"2016.04.19","1133.50"
"2016.04.20","1132.50"
"2016.04.21","1135.00"
"2016.04.22","1143.50"
"2016.04.25","1148.00"
"2016.04.26","1149.50"
"2016.04.27","1149.00"
"2016.04.28","1138.50"
"2016.04.29","1140.50"
"2016.05.02","1138.50"
"2016.05.03","1140.20"
"2016.05.04","1155.50"
"2016.05.09","1169.00"
"2016.05.10","1171.00"
"2016.05.11","1170.00"
"2016.05.12","1167.00"
"2016.05.13","1171.50"
"2016.05.16","1177.50"
"2016.05.17","1175.50"
"2016.05.18","1184.50"
"2016.05.19","1191.50"
"2016.05.20","1191.50"
"2016.05.23","1184.50"
"2016.05.24","1192.50"
"2016.05.25","1183.00"
"2016.05.26","1182.50"
"2016.05.27","1180.00"
"2016.05.30","1191.50"
"2016.05.31","1191.00"
"2016.06.01","1192.50"
"2016.06.02","1187.50"
"2016.06.03","1186.00"
"2016.06.07","1156.50"
"2016.06.08","1152.50"
"2016.06.09","1159.50"
"2016.06.10","1166.00"
"2016.06.13","1174.00"
"2016.06.14","1179.00"
"2016.06.15","1173.00"
"2016.06.16","1178.00"
"2016.06.17","1174.00"
"2016.06.20","1159.00"
"2016.06.21","1153.50"
"2016.06.22","1152.00"
"2016.06.23","1146.30"
"2016.06.24","1173.00"
"2016.06.27","1183.50"
"2016.06.28","1168.50"
"2016.06.29","1158.00"
"2016.06.30","1151.00"
"2016.07.01","1148.00"
"2016.07.04","1147.90"
"2016.07.05","1157.00"
"2016.07.06","1164.00"
"2016.07.07","1155.50"
"2016.07.08","1157.00"
"2016.07.11","1148.80"
"2016.07.12","1148.00"
"2016.07.13","1146.50"
"2016.07.14","1136.00"
"2016.07.15","1135.00"
"2016.07.18","1138.30"
"2016.07.19","1142.50"
"2016.07.20","1142.00"
"2016.07.21","1139.50"
"2016.07.22","1138.00"
"2016.07.25","1138.50"
"2016.07.26","1138.00"
"2016.07.27","1134.50"
"2016.07.28","1128.00"
"2016.07.29","1116.00"
"2016.08.01","1108.00"
"2016.08.02","1107.50"
"2016.08.03","1118.00"
"2016.08.04","1114.80"
"2016.08.05","1113.30"
"2016.08.08","1108.50"
"2016.08.09","1105.50"
"2016.08.10","1094.00"
"2016.08.11","1101.00"
"2016.08.12","1104.50"
"2016.08.16","1093.50"
"2016.08.17","1112.00"
"2016.08.18","1110.50"
"2016.08.19","1120.00"
"2016.08.22","1123.00"
"2016.08.23","1117.50"
"2016.08.24","1122.50"
"2016.08.25","1116.50"
"2016.08.26","1114.80"
"2016.08.29","1123.00"
"2016.08.30","1118.00"
"2016.08.31","1118.00"
"2016.09.01","1122.50"
"2016.09.02","1117.00"
"2016.09.05","1106.50"
"2016.09.06","1107.00"
"2016.09.07","1090.50"
"2016.09.08","1091.00"
"2016.09.09","1106.00"
"2016.09.12","1117.00"
"2016.09.13","1125.50"
"2016.09.19","1121.00"
"2016.09.20","1119.50"
"2016.09.21","1116.00"
"2016.09.22","1101.00"
"2016.09.23","1103.50"
"2016.09.26","1109.00"
"2016.09.27","1100.00"
"2016.09.28","1098.50"
"2016.09.29","1100.50"
"2016.09.30","1104.00"
"2016.10.04","1110.00"
"2016.10.05","1114.00"
"2016.10.06","1117.50"
"2016.10.07","1115.50"
"2016.10.10","1111.50"
"2016.10.11","1124.00"
"2016.10.12","1128.00"
"2016.10.13","1135.50"
"2016.10.14","1133.50"
"2016.10.17","1140.50"
"2016.10.18","1129.00"
"2016.10.19","1123.00"
"2016.10.20","1128.50"
"2016.10.21","1141.00"
"2016.10.24","1133.00"
"2016.10.25","1133.50"
"2016.10.26","1135.50"
"2016.10.27","1144.50"
"2016.10.28","1145.50"
"2016.10.31","1145.00"
"2016.11.01","1142.00"
"2016.11.02","1144.00"
"2016.11.03","1142.50"
"2016.11.04","1145.00"
"2016.11.07","1144.00"
"2016.11.08","1137.00"
"2016.11.09","1154.00"
"2016.11.10","1159.00"
"2016.11.11","1167.00"
"2016.11.14","1174.00"
"2016.11.15","1168.00"
"2016.11.16","1174.00"
"2016.11.17","1176.00"
"2016.11.18","1177.00"
"2016.11.21","1179.00"
"2016.11.22","1176.50"
"2016.11.23","1176.50"
"2016.11.24","1181.00"
"2016.11.25","1177.50"
"2016.11.28","1175.50"
"2016.11.29","1173.50"
"2016.11.30","1173.00"
"2016.12.01","1170.50"
"2016.12.02","1173.00"
"2016.12.05","1173.50"
"2016.12.06","1171.00"
"2016.12.07","1163.00"
"2016.12.08","1162.00"
"2016.12.09","1173.00"
"2016.12.12","1169.50"
"2016.12.13","1167.00"
"2016.12.14","1168.00"
"2016.12.15","1185.00"
"2016.12.16","1187.00"
"2016.12.19","1189.00"
"2016.12.20","1196.00"
"2016.12.21","1195.50"
"2016.12.22","1204.50"
"2016.12.23","1205.00"
"2016.12.26","1201.50"
"2016.12.27","1207.00"
"2016.12.28","1212.50"
"2016.12.29","1210.00"
"2016.12.30","1205.00"
"2017.01.02","1210.00"
"2017.01.03","1207.00"
"2017.01.04","1203.00"
"2017.01.05","1190.00"
"2017.01.06","1196.50"
"2017.01.09","1204.50"
"2017.01.10","1200.50"
"2017.01.11","1199.00"
"2017.01.12","1179.50"
"2017.01.13","1175.50"
"2017.01.16","1184.00"
"2017.01.17","1170.00"
"2017.01.18","1171.50"
"2017.01.19","1178.00"
"2017.01.20","1176.00"
"2017.01.23","1169.00"
"2017.01.24","1166.50"
"2017.01.25","1166.00"
"2017.01.26","1167.00"
"2017.01.31","1162.00"
"2017.02.01","1158.00"
"2017.02.02","1143.50"
"2017.02.03","1148.00"
"2017.02.06","1138.00"
"2017.02.07","1148.00"
"2017.02.08","1146.00"
"2017.02.09","1144.00"
"2017.02.10","1150.00"
"2017.02.13","1150.50"
"2017.02.14","1138.00"
"2017.02.15","1141.00"
"2017.02.16","1141.00"
"2017.02.17","1150.00"
"2017.02.20","1147.50"
"2017.02.21","1147.00"
"2017.02.22","1144.50"
"2017.02.23","1136.50"
"2017.02.24","1131.00"
"2017.02.27","1134.50"
"2017.02.28","1130.00"
"2017.03.02","1144.50"
"2017.03.03","1157.00"
"2017.03.06","1155.00"
"2017.03.07","1149.50"
"2017.03.08","1152.50"
"2017.03.09","1160.00"
"2017.03.10","1155.50"
"2017.03.13","1147.50"
"2017.03.14","1150.50"
"2017.03.15","1147.00"
"2017.03.16","1130.00"
"2017.03.17","1131.00"
"2017.03.20","1118.00"
"2017.03.21","1119.50"
"2017.03.22","1121.00"
"2017.03.23","1121.50"
"2017.03.24","1122.50"
"2017.03.27","1108.50"
"2017.03.28","1113.50"
"2017.03.29","1113.60"
"2017.03.30","1118.00"
"2017.03.31","1118.50"
"2017.04.03","1118.00"
"2017.04.04","1124.50"
"2017.04.05","1127.50"
"2017.04.06","1131.00"
"2017.04.07","1136.00"
"2017.04.10","1143.00"
"2017.04.11","1145.50"
"2017.04.12","1140.00"
"2017.04.13","1131.50"
"2017.04.14","1142.00"
"2017.04.17","1138.00"
"2017.04.18","1143.00"
"2017.04.19","1140.50"
"2017.04.20","1138.00"
"2017.04.21","1136.00"
"2017.04.24","1129.50"
"2017.04.25","1130.50"
"2017.04.26","1131.50"
"2017.04.27","1134.00"
"2017.04.28","1140.50"
"2017.05.02","1131.00"
"2017.05.04","1136.50"
"2017.05.08","1132.80"
"2017.05.10","1136.00"
"2017.05.11","1130.50"
"2017.05.12","1129.00"
"2017.05.15","1122.00"
"2017.05.16","1116.00"
"2017.05.17","1120.50"
"2017.05.18","1132.00"
"2017.05.19","1123.00"
"2017.05.22","1118.50"
"2017.05.23","1123.50"
"2017.05.24","1123.00"
"2017.05.25","1120.50"
"2017.05.26","1119.00"
"2017.05.29","1122.50"
"2017.05.30","1125.00"
"2017.05.31","1118.50"
"2017.06.01","1122.00"
"2017.06.02","1123.00"
"2017.06.05","1120.00"
"2017.06.07","1124.50"
"2017.06.08","1123.00"
"2017.06.09","1125.00"
"2017.06.12","1132.00"
"2017.06.13","1128.50"
"2017.06.14","1123.50"
"2017.06.15","1129.00"
"2017.06.16","1134.00"
"2017.06.19","1135.00"
"2017.06.20","1140.00"
"2017.06.21","1142.00"
"2017.06.22","1143.00"
"2017.06.23","1138.50"
"2017.06.26","1134.00"
"2017.06.27","1138.50"
"2017.06.28","1144.00"
"2017.06.29","1143.50"
"2017.06.30","1145.00"
"2017.07.03","1149.50"
"2017.07.04","1151.00"
"2017.07.05","1154.50"
"2017.07.06","1157.50"
"2017.07.07","1154.50"
"2017.07.10","1150.50"
"2017.07.11","1151.50"
"2017.07.12","1143.00"
"2017.07.13","1138.00"
"2017.07.14","1133.50"
"2017.07.17","1128.00"
"2017.07.18","1124.50"
"2017.07.19","1122.50"
"2017.07.20","1125.00"
"2017.07.21","1119.00"
"2017.07.24","1115.00"
"2017.07.25","1117.00"
"2017.07.26","1120.00"
"2017.07.27","1115.30"
"2017.07.28","1123.00"
"2017.07.31","1120.50"
"2017.08.01","1123.00"
"2017.08.02","1124.50"
"2017.08.03","1128.50"
"2017.08.04","1126.00"
"2017.08.07","1130.00"
"2017.08.08","1126.50"
"2017.08.09","1139.50"
"2017.08.10","1142.00"
"2017.08.11","1145.50"
"2017.08.14","1141.50"
"2017.08.16","1140.00"
"2017.08.17","1139.50"
"2017.08.18","1141.50"
"2017.08.21","1139.50"
"2017.08.22","1134.50"
"2017.08.23","1132.00"
"2017.08.24","1128.00"
"2017.08.25","1127.00"
"2017.08.28","1121.00"
"2017.08.29","1126.00"
"2017.08.30","1125.50"
"2017.08.31","1127.00"
"2017.09.01","1120.50"
"2017.09.04","1131.50"
"2017.09.05","1131.00"
"2017.09.06","1134.00"
"2017.09.07","1129.00"
"2017.09.08","1131.00"
"2017.09.11","1135.00"
"2017.09.12","1130.00"
"2017.09.13","1128.50"
"2017.09.14","1136.00"
"2017.09.15","1132.50"
"2017.09.18","1128.50"
"2017.09.19","1131.50"
"2017.09.20","1129.50"
"2017.09.21","1134.00"
"2017.09.22","1134.50"
"2017.09.25","1134.50"
"2017.09.26","1139.10"
"2017.09.27","1144.50"
"2017.09.28","1148.00"
"2017.09.29","1146.50"
"2017.10.10","1135.00"
"2017.10.11","1135.00"
"2017.10.12","1134.00"
"2017.10.13","1127.50"
"2017.10.16","1129.00"
"2017.10.17","1132.50"
"2017.10.18","1132.60"
"2017.10.19","1133.00"
"2017.10.20","1132.50"
"2017.10.23","1131.00"
"2017.10.24","1130.00"
"2017.10.25","1127.50"
"2017.10.26","1125.50"
"2017.10.27","1131.00"
"2017.10.30","1125.00"
"2017.10.31","1119.50"
"2017.11.01","1115.00"
"2017.11.02","1113.50"
"2017.11.03","1115.50"
"2017.11.06","1114.50"
"2017.11.07","1113.50"
"2017.11.08","1115.40"
"2017.11.09","1119.00"
"2017.11.10","1119.60"
"2017.11.13","1121.00"
"2017.11.14","1118.00"
"2017.11.15","1108.00"
"2017.11.16","1099.00"
"2017.11.17","1099.50"
"2017.11.20","1099.50"
"2017.11.21","1093.00"
"2017.11.22","1091.50"
"2017.11.23","1086.00"
"2017.11.24","1086.50"
"2017.11.27","1089.50"
"2017.11.28","1082.00"
"2017.11.29","1079.00"
"2017.11.30","1088.00"
"2017.12.01","1087.00"
"2017.12.04","1088.00"
"2017.12.05","1088.00"
"2017.12.06","1093.50"
"2017.12.07","1094.50"
"2017.12.08","1095.00"
"2017.12.11","1092.00"
"2017.12.12","1091.50"
"2017.12.13","1092.50"
"2017.12.14","1089.00"
"2017.12.15","1090.00"
"2017.12.18","1088.50"
"2017.12.19","1085.00"
"2017.12.20","1083.50"
"2017.12.21","1082.20"
"2017.12.22","1080.00"
"2017.12.26","1076.00"
"2017.12.27","1076.00"
"2017.12.28","1071.00"
"2017.12.29","1068.50"
"2018.01.02","1063.50"
"2018.01.03","1067.00"
"2018.01.04","1064.50"
"2018.01.05","1064.50"
"2018.01.08","1068.00"
"2018.01.09","1070.00"
"2018.01.10","1070.00"
"2018.01.11","1071.50"
"2018.01.12","1065.00"
"2018.01.15","1065.50"
"2018.01.16","1064.80"
"2018.01.17","1070.50"
"2018.01.18","1070.50"
"2018.01.19","1068.50"
"2018.01.22","1071.50"
"2018.01.23","1076.50"
"2018.01.24","1068.00"
"2018.01.25","1062.50"
"2018.01.26","1066.50"
"2018.01.29","1071.80"
"2018.01.30","1072.00"
"2018.01.31","1068.00"
"2018.02.01","1073.00"
"2018.02.02","1086.50"
"2018.02.05","1090.50"
"2018.02.06","1088.00"
"2018.02.07","1085.00"
"2018.02.08","1091.00"
"2018.02.09","1091.00"
"2018.02.12","1085.00"
"2018.02.13","1085.00"
"2018.02.14","1079.00"
"2018.02.19","1068.50"
"2018.02.20","1074.00"
"2018.02.21","1076.00"
"2018.02.22","1084.00"
"2018.02.23","1078.50"
"2018.02.26","1072.50"
"2018.02.27","1072.00"
"2018.02.28","1082.50"
"2018.03.02","1083.00"
"2018.03.05","1081.50"
"2018.03.06","1071.00"
"2018.03.07","1069.50"
"2018.03.08","1072.00"
"2018.03.09","1071.20"
"2018.03.12","1067.50"
"2018.03.13","1065.00"
"2018.03.14","1064.50"
"2018.03.15","1066.50"
"2018.03.16","1068.50"
"2018.03.19","1074.00"
"2018.03.20","1071.50"
"2018.03.21","1072.00"
"2018.03.22","1080.00"
"2018.03.23","1079.00"
"2018.03.26","1079.50"
"2018.03.27","1074.00"
"2018.03.28","1069.00"
"2018.03.29","1066.00"
"2018.03.30","1063.00"
"2018.04.02","1055.50"
"2018.04.03","1056.00"
"2018.04.04","1064.00"
"2018.04.05","1060.00"
"2018.04.06","1069.00"
"2018.04.09","1069.50"
"2018.04.10","1068.00"
"2018.04.11","1069.50"
"2018.04.12","1072.00"
"2018.04.13","1069.00"
"2018.04.16","1073.50"
"2018.04.17","1069.50"
"2018.04.18","1066.00"
"2018.04.19","1062.00"
"2018.04.20","1070.50"
"2018.04.23","1077.00"
"2018.04.24","1078.00"
"2018.04.25","1082.50"
"2018.04.26","1077.00"
"2018.04.27","1073.00"
"2018.04.30","1070.50"
"2018.05.02","1076.50"
"2018.05.03","1075.50"
"2018.05.04","1077.00"
"2018.05.08","1079.00"
"2018.05.09","1079.00"
"2018.05.10","1072.00"
"2018.05.11","1067.00"
"2018.05.14","1069.50"
"2018.05.15","1077.00"
"2018.05.16","1081.50"
"2018.05.17","1081.00"
"2018.05.18","1082.00"
"2018.05.21","1085.40"
"2018.05.23","1082.50"
"2018.05.24","1079.00"
"2018.05.25","1079.00"
"2018.05.28","1075.00"
"2018.05.29","1080.00"
"2018.05.30","1080.00"
"2018.05.31","1078.00"
"2018.06.01","1075.50"
"2018.06.04","1070.00"
"2018.06.05","1071.00"
"2018.06.07","1069.50"
"2018.06.08","1077.00"
"2018.06.11","1075.50"
"2018.06.12","1078.00"
"2018.06.14","1082.50"
"2018.06.15","1099.00"
"2018.06.18","1104.50"
"2018.06.19","1116.00"
"2018.06.20","1106.50"
"2018.06.21","1112.50"
"2018.06.22","1112.50"
"2018.06.25","1115.20"
"2018.06.26","1118.00"
"2018.06.27","1120.00"
"2018.06.28","1124.00"
"2018.06.29","1114.50"
"2018.07.02","1121.00"
"2018.07.03","1115.00"
"2018.07.04","1117.00"
"2018.07.05","1119.00"
"2018.07.06","1117.00"
"2018.07.09","1112.50"
"2018.07.10","1117.00"
"2018.07.11","1122.00"
"2018.07.12","1126.00"
"2018.07.13","1133.00"
"2018.07.16","1129.00"
"2018.07.17","1127.50"
"2018.07.18","1133.20"
"2018.07.19","1138.00"
"2018.07.20","1135.00"
"2018.07.23","1135.00"
"2018.07.24","1132.50"
"2018.07.25","1125.00"
"2018.07.26","1121.00"
"2018.07.27","1118.00"
"2018.07.30","1118.00"
"2018.07.31","1118.50"
"2018.08.01","1119.50"
"2018.08.02","1129.50"
"2018.08.03","1127.00"
"2018.08.06","1126.00"
"2018.08.07","1121.00"
"2018.08.08","1121.50"
"2018.08.09","1119.00"
"2018.08.10","1129.50"
"2018.08.13","1135.00"
"2018.08.14","1130.00"
"2018.08.16","1129.00"
"2018.08.17","1125.00"
"2018.08.20","1122.50"
"2018.08.21","1119.00"
"2018.08.22","1119.00"
"2018.08.23","1122.50"
"2018.08.24","1117.50"
"2018.08.27","1114.00"
"2018.08.28","1107.00"
"2018.08.29","1114.00"
"2018.08.30","1110.50"
"2018.08.31","1117.50"
"2018.09.03","1113.00"
"2018.09.04","1117.50"
"2018.09.05","1123.50"
"2018.09.06","1122.00"
"2018.09.07","1124.00"
"2018.09.10","1129.00"
"2018.09.11","1128.50"
"2018.09.12","1128.50"
"2018.09.13","1122.50"
"2018.09.14","1119.50"
"2018.09.17","1126.50"
"2018.09.18","1124.00"
"2018.09.19","1122.00"
"2018.09.20","1119.00"
"2018.09.21","1116.50"
"2018.09.27","1112.50"
"2018.09.28","1111.00"
"2018.10.01","1111.50"
"2018.10.02","1120.00"
"2018.10.04","1129.50"
"2018.10.05","1130.50"
"2018.10.08","1138.00"
"2018.10.10","1136.80"
"2018.10.11","1142.00"
"2018.10.12","1133.00"
"2018.10.15","1133.00"
"2018.10.16","1124.50"
"2018.10.17","1127.00"
"2018.10.18","1135.50"
"2018.10.19","1132.50"
"2018.10.22","1132.00"
"2018.10.23","1137.50"
"2018.10.24","1134.00"
"2018.10.25","1138.00"
"2018.10.26","1142.50"
"2018.10.29","1142.00"
"2018.10.30","1139.50"
"2018.10.31","1140.50"
"2018.11.01","1133.00"
"2018.11.02","1118.00"
"2018.11.05","1125.00"
"2018.11.06","1124.50"
"2018.11.07","1121.00"
"2018.11.08","1117.00"
"2018.11.09","1129.00"
"2018.11.12","1137.50"
"2018.11.13","1134.00"
"2018.11.14","1133.00"
"2018.11.15","1131.00"
"2018.11.16","1132.00"
"2018.11.19","1127.50"
"2018.11.20","1128.50"
"2018.11.21","1130.00"
"2018.11.22","1130.50"
"2018.11.23","1132.50"
"2018.11.26","1129.00"
"2018.11.27","1130.00"
"2018.11.28","1128.50"
"2018.11.29","1121.00"
"2018.11.30","1122.00"
"2018.12.03","1113.00"
"2018.12.04","1106.50"
"2018.12.05","1113.50"
"2018.12.06","1121.50"
"2018.12.07","1122.50"
"2018.12.10","1128.00"
"2018.12.11","1130.50"
"2018.12.12","1129.00"
"2018.12.13","1125.00"
"2018.12.14","1134.50"
"2018.12.17","1131.50"
"2018.12.18","1129.50"
"2018.12.19","1126.50"
"2018.12.20","1123.00"
"2018.12.21","1124.50"
"2018.12.24","1126.00"
"2018.12.26","1125.80"
"2018.12.27","1122.00"
"2018.12.28","1117.00"
"2018.12.31","1116.00"
"2019.01.02","1122.50"
"2019.01.03","1127.50"
"2019.01.04","1124.00"
"2019.01.07","1120.00"
"2019.01.08","1126.00"
"2019.01.09","1121.70"
"2019.01.10","1119.00"
"2019.01.11","1116.00"
"2019.01.14","1123.50"
"2019.01.15","1124.00"
"2019.01.16","1122.50"
"2019.01.17","1124.00"
"2019.01.18","1122.50"
"2019.01.21","1130.50"
"2019.01.22","1132.00"
"2019.01.23","1128.50"
"2019.01.24","1130.00"
"2019.01.25","1121.00"
"2019.01.28","1119.00"
"2019.01.29","1119.00"
"2019.01.30","1118.50"
"2019.01.31","1113.00"
"2019.02.01","1119.00"
"2019.02.07","1126.00"
"2019.02.08","1124.00"
"2019.02.11","1125.50"
"2019.02.12","1125.50"
"2019.02.13","1123.00"
"2019.02.14","1127.00"
"2019.02.15","1129.50"
"2019.02.18","1126.00"
"2019.02.19","1128.50"
"2019.02.20","1123.50"
"2019.02.21","1126.00"
"2019.02.22","1125.00"
"2019.02.25","1120.00"
"2019.02.26","1118.50"
"2019.02.27","1119.00"
"2019.02.28","1124.00"
"2019.03.04","1127.00"
"2019.03.05","1126.50"
"2019.03.06","1129.00"
"2019.03.07","1129.50"
"2019.03.08","1137.00"
"2019.03.11","1134.50"
"2019.03.12","1131.00"
"2019.03.13","1132.50"
"2019.03.14","1136.00"
"2019.03.15","1136.50"
"2019.03.18","1133.50"
"2019.03.19","1130.50"
"2019.03.20","1130.50"
"2019.03.21","1129.00"
"2019.03.22","1134.00"
"2019.03.25","1134.00"
"2019.03.26","1134.00"
"2019.03.27","1137.00"
"2019.03.28","1137.50"
"2019.03.29","1137.00"
"2019.04.01","1135.00"
"2019.04.02","1137.00"
"2019.04.03","1134.50"
"2019.04.04","1137.00"
"2019.04.05","1138.00"
"2019.04.08","1145.00"
"2019.04.09","1140.50"
"2019.04.10","1138.50"
"2019.04.11","1140.50"
"2019.04.12","1137.00"
"2019.04.15","1133.50"
"2019.04.16","1136.50"
"2019.04.17","1133.50"
"2019.04.18","1138.00"
"2019.04.19","1136.50"
"2019.04.22","1141.50"
"2019.04.23","1142.50"
"2019.04.24","1151.00"
"2019.04.25","1163.00"
"2019.04.26","1161.00"
"2019.04.29","1160.50"
"2019.04.30","1167.00"
"2019.05.02","1164.50"
"2019.05.03","1170.00"
"2019.05.07","1169.00"
"2019.05.08","1172.50"
"2019.05.09","1182.50"
"2019.05.10","1178.00"
"2019.05.13","1187.50"
"2019.05.14","1187.50"
"2019.05.15","1190.50"
"2019.05.16","1190.00"
"2019.05.17","1195.50"
"2019.05.20","1195.00"
"2019.05.21","1195.00"
"2019.05.22","1190.00"
"2019.05.23","1191.50"
"2019.05.24","1188.00"
"2019.05.27","1185.50"
"2019.05.28","1189.50"
"2019.05.29","1194.50"
"2019.05.30","1191.50"
"2019.05.31","1191.50"
"2019.06.03","1182.50"
"2019.06.04","1183.50"
"2019.06.05","1178.00"
"2019.06.07","1185.50"
"2019.06.10","1186.50"
"2019.06.11","1181.50"
"2019.06.12","1183.00"
"2019.06.13","1183.00"
"2019.06.14","1185.50"
"2019.06.17","1187.50"
"2019.06.18","1186.00"
"2019.06.19","1176.50"
"2019.06.20","1161.50"
"2019.06.21","1163.50"
"2019.06.24","1157.50"
"2019.06.25","1156.00"
"2019.06.26","1156.50"
"2019.06.27","1156.50"
"2019.06.28","1155.50"
"2019.07.01","1163.00"
"2019.07.02","1167.50"
"2019.07.03","1170.50"
"2019.07.04","1169.00"
"2019.07.05","1171.50"
"2019.07.08","1180.50"
"2019.07.09","1183.00"
"2019.07.10","1181.50"
"2019.07.11","1174.00"
"2019.07.12","1179.00"
"2019.07.15","1180.00"
"2019.07.16","1178.50"
"2019.07.17","1181.00"
"2019.07.18","1178.50"
"2019.07.19","1175.50"
"2019.07.22","1177.50"
"2019.07.23","1179.00"
"2019.07.24","1178.50"
"2019.07.25","1181.50"
"2019.07.26","1184.50"
"2019.07.29","1184.50"
"2019.07.30","1181.00"
"2019.07.31","1183.00"
"2019.08.01","1189.00"
"2019.08.02","1200.50"
"2019.08.05","1216.00"
"2019.08.06","1216.00"
"2019.08.07","1215.50"
"2019.08.08","1209.00"
"2019.08.09","1212.00"
"2019.08.12","1219.00"
"2019.08.13","1223.00"
"2019.08.14","1215.00"
"2019.08.16","1211.00"
"2019.08.19","1210.50"
"2019.08.20","1209.00"
"2019.08.21","1203.50"
"2019.08.22","1210.00"
"2019.08.23","1211.00"
"2019.08.26","1214.50"
"2019.08.27","1214.00"
"2019.08.28","1214.50"
"2019.08.29","1213.00"
"2019.08.30","1209.50"
"2019.09.02","1212.50"
"2019.09.03","1216.00"
"2019.09.04","1207.00"
"2019.09.05","1200.00"
"2019.09.06","1194.50"
"2019.09.09","1193.00"
"2019.09.10","1192.00"
"2019.09.11","1194.50"
"2019.09.16","1184.00"
"2019.09.17","1191.00"
"2019.09.18","1192.00"
"2019.09.19","1195.00"
"2019.09.20","1188.50"
"2019.09.23","1197.50"
"2019.09.24","1195.00"
"2019.09.25","1200.50"
"2019.09.26","1200.50"
"2019.09.27","1200.00"
"2019.09.30","1199.00"
"2019.10.01","1201.50"
"2019.10.02","1207.00"
"2019.10.04","1197.00"
"2019.10.07","1198.00"
"2019.10.08","1196.50"
"2019.10.10","1195.00"
"2019.10.11","1186.00"
"2019.10.14","1185.50"
"2019.10.15","1186.40"
"2019.10.16","1189.50"
"2019.10.17","1180.00"
"2019.10.18","1181.00"
"2019.10.21","1172.00"
"2019.10.22","1173.00"
"2019.10.23","1173.00"
"2019.10.24","1173.50"
"2019.10.25","1174.50"
"2019.10.28","1170.50"
"2019.10.29","1168.00"
"2019.10.30","1166.50"
"2019.10.31","1168.50"
"2019.11.01","1167.00"
"2019.11.04","1160.50"
"2019.11.05","1156.00"
"2019.11.06","1158.50"
"2019.11.07","1156.00"
"2019.11.08","1157.50"
"2019.11.11","1165.50"
"2019.11.12","1163.50"
"2019.11.13","1169.50"
"2019.11.14","1170.50"
"2019.11.15","1167.00"
"2019.11.18","1165.50"
"2019.11.19","1166.50"
"2019.11.20","1170.50"
"2019.11.21","1175.50"
"2019.11.22","1178.00"
"2019.11.25","1176.50"
"2019.11.26","1177.50"
"2019.11.27","1177.50"
"2019.11.28","1179.00"
"2019.11.29","1180.00"
"2019.12.02","1185.00"
"2019.12.03","1190.00"
"2019.12.04","1193.00"
"2019.12.05","1191.00"
"2019.12.06","1189.50"
"2019.12.09","1191.00"
"2019.12.10","1192.00"
"2019.12.11","1194.70"
"2019.12.12","1189.00"
"2019.12.13","1172.00"
"2019.12.16","1173.00"
"2019.12.17","1167.00"
"2019.12.18","1168.50"
"2019.12.19","1166.00"
"2019.12.20","1161.00"
"2019.12.23","1164.00"
"2019.12.24","1164.00"
"2019.12.26","1162.00"
"2019.12.27","1160.50"
"2019.12.30","1156.50"
"2019.12.31","1156.00"
"2020.01.02","1159.00"
"2020.01.03","1167.50"
"2020.01.06","1170.00"
"2020.01.07","1166.50"
"2020.01.08","1169.00"
"2020.01.09","1160.00"
"2020.01.10","1161.50"
"2020.01.13","1157.00"
"2020.01.14","1158.50"
"2020.01.15","1158.00"
"2020.01.16","1160.50"
"2020.01.17","1159.00"
"2020.01.20","1160.50"
"2020.01.21","1167.00"
"2020.01.22","1165.00"
"2020.01.23","1168.00"
"2020.01.28","1179.50"
"2020.01.29","1179.00"
"2020.01.30","1189.00"
"2020.01.31","1194.50"
"2020.02.03","1194.00"
"2020.02.04","1188.50"
"2020.02.05","1184.50"
"2020.02.06","1184.00"
"2020.02.07","1193.50"
"2020.02.10","1187.00"
"2020.02.11","1184.50"
"2020.02.12","1180.00"
"2020.02.13","1182.50"
"2020.02.14","1183.00"
"2020.02.17","1184.00"
"2020.02.18","1190.50"
"2020.02.19","1190.00"
"2020.02.20","1203.00"
"2020.02.21","1211.50"
"2020.02.24","1219.00"
"2020.02.25","1215.00"
"2020.02.26","1215.00"
"2020.02.27","1212.00"
"2020.02.28","1210.50"
"2020.03.02","1194.00"
"2020.03.03","1193.00"
"2020.03.04","1183.00"
"2020.03.05","1184.50"
"2020.03.06","1191.00"
"2020.03.09","1201.50"
"2020.03.10","1194.00"
"2020.03.11","1191.50"
"2020.03.12","1207.00"
"2020.03.13","1218.00"
"2020.03.16","1228.00"
"2020.03.17","1242.00"
"2020.03.18","1257.00"
"2020.03.19","1280.00"
"2020.03.20","1245.00"
"2020.03.23","1273.00"
"2020.03.24","1240.00"
"2020.03.25","1231.00"
"2020.03.26","1228.00"
"2020.03.27","1220.00"
"2020.03.30","1224.00"
"2020.03.31","1224.00"
"2020.04.01","1231.00"
"2020.04.02","1228.00"
"2020.04.03","1236.00"
"2020.04.06","1229.00"
"2020.04.07","1214.00"
"2020.04.08","1220.00"
"2020.04.09","1219.00"
"2020.04.10","1212.50"
"2020.04.13","1217.50"
"2020.04.14","1216.00"
"2020.04.16","1226.00"
"2020.04.17","1217.00"
"2020.04.20","1220.00"
"2020.04.21","1231.00"
"2020.04.22","1232.00"
"2020.04.23","1231.00"
"2020.04.24","1234.50"
"2020.04.27","1226.00"
"2020.04.28","1219.50"
"2020.04.29","1219.00"
"2020.05.04","1225.50"
"2020.05.06","1225.50"
"2020.05.07","1224.00"
"2020.05.08","1221.00"
"2020.05.11","1224.00"
"2020.05.12","1224.00"
"2020.05.13","1224.50"
"2020.05.14","1228.50"
"2020.05.15","1230.50"
"2020.05.18","1234.50"
"2020.05.19","1226.00"
"2020.05.20","1229.00"
"2020.05.21","1230.50"
"2020.05.22","1240.00"
